UNNAMED, 08/19/1852, 60
UNNAMED, 08/19/1852, 60
UNNAMED, 08/19/1852, 60
UNNAMED, 08/19/1852, 60
UNNAMED, 08/20/1852, 70
UNNAMED, 08/20/1852, 70
UNNAMED, 08/20/1852, 70
UNNAMED, 08/20/1852, 70
UNNAMED, 08/21/1852, 80
UNNAMED, 08/21/1852, 80
UNNAMED, 08/21/1852, 80
UNNAMED, 08/21/1852, 80
UNNAMED, 08/22/1852, 90
UNNAMED, 08/22/1852, 90
UNNAMED, 08/22/1852, 90
UNNAMED, 08/22/1852, 90
UNNAMED, 08/23/1852, 90
UNNAMED, 08/23/1852, 90
UNNAMED, 08/23/1852, 90
UNNAMED, 08/23/1852, 90
UNNAMED, 08/24/1852, 100
UNNAMED, 08/24/1852, 100
UNNAMED, 08/24/1852, 100
UNNAMED, 08/24/1852, 100
UNNAMED, 08/25/1852, 100
UNNAMED, 08/25/1852, 100
UNNAMED, 08/25/1852, 100
UNNAMED, 08/25/1852, 100
UNNAMED, 08/26/1852, 100
UNNAMED, 08/26/1852, 100
UNNAMED, 08/26/1852, 90
UNNAMED, 08/26/1852, 70
UNNAMED, 08/27/1852, 50
UNNAMED, 08/27/1852, 40
UNNAMED, 08/27/1852, 40
UNNAMED, 08/27/1852, 40
UNNAMED, 08/28/1852, 40
UNNAMED, 08/28/1852, 40
UNNAMED, 08/28/1852, 40
UNNAMED, 08/28/1852, 40
UNNAMED, 08/29/1852, 50
UNNAMED, 08/29/1852, 50
UNNAMED, 08/29/1852, 50
UNNAMED, 08/29/1852, 50
UNNAMED, 08/30/1852, 50
UNNAMED, 09/15/1855, 70
UNNAMED, 09/15/1855, 80
UNNAMED, 09/15/1855, 90
UNNAMED, 09/15/1855, 100
UNNAMED, 09/16/1855, 110
UNNAMED, 09/16/1855, 110
UNNAMED, 09/16/1855, 110
UNNAMED, 09/16/1855, 100
UNNAMED, 09/16/1855, 70
UNNAMED, 09/17/1855, 50
UNNAMED, 09/17/1855, 40
UNNAMED, 09/15/1859, 70
UNNAMED, 09/15/1859, 70
UNNAMED, 09/15/1859, 70
UNNAMED, 09/15/1859, 70
UNNAMED, 09/16/1859, 70
UNNAMED, 09/16/1859, 50
UNNAMED, 09/16/1859, 40
UNNAMED, 09/16/1859, 40
UNNAMED, 09/17/1859, 40
UNNAMED, 09/17/1859, 40
UNNAMED, 09/17/1859, 50
UNNAMED, 09/17/1859, 60
UNNAMED, 09/18/1859, 70
UNNAMED, 09/18/1859, 70
UNNAMED, 09/18/1859, 70
UNNAMED, 09/18/1859, 70
UNNAMED, 08/08/1860, 40
UNNAMED, 08/08/1860, 40
UNNAMED, 08/08/1860, 50
UNNAMED, 08/08/1860, 50
UNNAMED, 08/09/1860, 60
UNNAMED, 08/09/1860, 60
UNNAMED, 08/09/1860, 70
UNNAMED, 08/09/1860, 70
UNNAMED, 08/10/1860, 80
UNNAMED, 08/10/1860, 80
UNNAMED, 08/10/1860, 90
UNNAMED, 08/10/1860, 90
UNNAMED, 08/11/1860, 100
UNNAMED, 08/11/1860, 100
UNNAMED, 08/11/1860, 110
UNNAMED, 08/11/1860, 110
UNNAMED, 08/11/1860, 110
UNNAMED, 08/12/1860, 100
UNNAMED, 08/12/1860, 100
UNNAMED, 08/12/1860, 70
UNNAMED, 08/12/1860, 50
UNNAMED, 08/13/1860, 40
UNNAMED, 08/13/1860, 40
UNNAMED, 08/13/1860, 40
UNNAMED, 08/13/1860, 40
UNNAMED, 08/14/1860, 40
UNNAMED, 08/14/1860, 40
UNNAMED, 08/14/1860, 50
UNNAMED, 08/14/1860, 50
UNNAMED, 08/15/1860, 50
UNNAMED, 08/15/1860, 50
UNNAMED, 08/15/1860, 50
UNNAMED, 08/15/1860, 50
UNNAMED, 08/16/1860, 50
UNNAMED, 08/16/1860, 50
UNNAMED, 09/11/1860, 90
UNNAMED, 09/11/1860, 90
UNNAMED, 09/11/1860, 90
UNNAMED, 09/11/1860, 90
UNNAMED, 09/12/1860, 90
UNNAMED, 09/12/1860, 90
UNNAMED, 09/12/1860, 90
UNNAMED, 09/12/1860, 90
UNNAMED, 09/13/1860, 90
UNNAMED, 09/13/1860, 90
UNNAMED, 09/13/1860, 90
UNNAMED, 09/13/1860, 90
UNNAMED, 09/14/1860, 90
UNNAMED, 09/14/1860, 90
UNNAMED, 09/14/1860, 90
UNNAMED, 09/14/1860, 90
UNNAMED, 09/15/1860, 90
UNNAMED, 09/15/1860, 90
UNNAMED, 09/15/1860, 90
UNNAMED, 09/15/1860, 90
UNNAMED, 09/15/1860, 70
UNNAMED, 09/16/1860, 50
UNNAMED, 09/16/1860, 40
UNNAMED, 07/30/1870, 70
UNNAMED, 08/29/1879, 50
UNNAMED, 08/29/1879, 50
UNNAMED, 08/29/1879, 50
UNNAMED, 08/29/1879, 50
UNNAMED, 08/30/1879, 70
UNNAMED, 08/30/1879, 70
UNNAMED, 08/30/1879, 80
UNNAMED, 08/30/1879, 80
UNNAMED, 08/31/1879, 90
UNNAMED, 08/31/1879, 90
UNNAMED, 08/31/1879, 100
UNNAMED, 08/31/1879, 100
UNNAMED, 09/01/1879, 110
UNNAMED, 09/01/1879, 110
UNNAMED, 09/01/1879, 110
UNNAMED, 09/01/1879, 110
UNNAMED, 09/01/1879, 90
UNNAMED, 09/02/1879, 60
UNNAMED, 09/02/1879, 50
UNNAMED, 09/02/1879, 40
UNNAMED, 09/02/1879, 30
UNNAMED, 10/09/1879, 40
UNNAMED, 10/09/1879, 40
UNNAMED, 10/09/1879, 40
UNNAMED, 10/09/1879, 40
UNNAMED, 10/10/1879, 40
UNNAMED, 10/10/1879, 40
UNNAMED, 10/10/1879, 40
UNNAMED, 10/10/1879, 40
UNNAMED, 10/11/1879, 40
UNNAMED, 10/11/1879, 40
UNNAMED, 10/11/1879, 50
UNNAMED, 10/11/1879, 50
UNNAMED, 10/12/1879, 50
UNNAMED, 10/12/1879, 50
UNNAMED, 10/12/1879, 50
UNNAMED, 10/12/1879, 50
UNNAMED, 10/13/1879, 50
UNNAMED, 10/13/1879, 50
UNNAMED, 10/13/1879, 50
UNNAMED, 10/13/1879, 50
UNNAMED, 10/14/1879, 50
UNNAMED, 10/14/1879, 50
UNNAMED, 10/14/1879, 50
UNNAMED, 10/14/1879, 50
UNNAMED, 10/15/1879, 50
UNNAMED, 10/15/1879, 50
UNNAMED, 10/15/1879, 50
UNNAMED, 10/15/1879, 50
UNNAMED, 10/16/1879, 50
UNNAMED, 10/16/1879, 50
UNNAMED, 10/16/1879, 50
UNNAMED, 10/16/1879, 40
UNNAMED, 10/16/1879, 30
UNNAMED, 08/24/1880, 50
UNNAMED, 08/24/1880, 50
UNNAMED, 08/24/1880, 50
UNNAMED, 08/24/1880, 50
UNNAMED, 08/25/1880, 60
UNNAMED, 08/25/1880, 60
UNNAMED, 08/25/1880, 60
UNNAMED, 08/25/1880, 60
UNNAMED, 08/26/1880, 70
UNNAMED, 08/26/1880, 70
UNNAMED, 08/26/1880, 80
UNNAMED, 08/26/1880, 80
UNNAMED, 08/27/1880, 90
UNNAMED, 08/27/1880, 90
UNNAMED, 08/27/1880, 90
UNNAMED, 08/27/1880, 90
UNNAMED, 08/28/1880, 90
UNNAMED, 08/28/1880, 90
UNNAMED, 08/28/1880, 90
UNNAMED, 08/28/1880, 90
UNNAMED, 08/29/1880, 90
UNNAMED, 08/29/1880, 90
UNNAMED, 08/29/1880, 90
UNNAMED, 08/29/1880, 70
UNNAMED, 08/30/1880, 60
UNNAMED, 08/30/1880, 60
UNNAMED, 08/30/1880, 60
UNNAMED, 08/30/1880, 70
UNNAMED, 08/31/1880, 70
UNNAMED, 08/31/1880, 70
UNNAMED, 08/31/1880, 70
UNNAMED, 08/31/1880, 60
UNNAMED, 08/31/1880, 60
UNNAMED, 09/01/1880, 50
UNNAMED, 09/01/1880, 40
UNNAMED, 09/01/1880, 30
UNNAMED, 09/01/1880, 30
UNNAMED, 08/01/1881, 40
UNNAMED, 08/01/1881, 40
UNNAMED, 08/01/1881, 40
UNNAMED, 08/01/1881, 40
UNNAMED, 08/02/1881, 40
UNNAMED, 08/02/1881, 40
UNNAMED, 08/02/1881, 40
UNNAMED, 08/02/1881, 40
UNNAMED, 08/03/1881, 50
UNNAMED, 08/03/1881, 50
UNNAMED, 08/03/1881, 50
UNNAMED, 08/03/1881, 50
UNNAMED, 08/03/1881, 40
UNNAMED, 08/04/1881, 30
UNNAMED, 08/04/1881, 30
UNNAMED, 08/21/1881, 60
UNNAMED, 08/21/1881, 60
UNNAMED, 08/21/1881, 60
UNNAMED, 08/21/1881, 60
UNNAMED, 08/22/1881, 60
UNNAMED, 08/22/1881, 60
UNNAMED, 08/22/1881, 60
UNNAMED, 08/22/1881, 60
UNNAMED, 08/23/1881, 60
UNNAMED, 08/23/1881, 60
UNNAMED, 08/23/1881, 60
UNNAMED, 08/23/1881, 60
UNNAMED, 08/24/1881, 70
UNNAMED, 08/24/1881, 70
UNNAMED, 08/24/1881, 70
UNNAMED, 08/24/1881, 70
UNNAMED, 08/25/1881, 70
UNNAMED, 08/25/1881, 70
UNNAMED, 08/25/1881, 80
UNNAMED, 08/25/1881, 80
UNNAMED, 08/26/1881, 80
UNNAMED, 08/26/1881, 80
UNNAMED, 08/26/1881, 80
UNNAMED, 08/26/1881, 90
UNNAMED, 08/27/1881, 90
UNNAMED, 08/27/1881, 90
UNNAMED, 08/27/1881, 90
UNNAMED, 08/27/1881, 90
UNNAMED, 08/28/1881, 90
UNNAMED, 08/28/1881, 90
UNNAMED, 08/28/1881, 70
UNNAMED, 08/28/1881, 50
UNNAMED, 08/28/1881, 50
UNNAMED, 08/29/1881, 40
UNNAMED, 08/29/1881, 40
UNNAMED, 08/29/1881, 40
UNNAMED, 08/29/1881, 30
UNNAMED, 09/02/1882, 50
UNNAMED, 09/02/1882, 50
UNNAMED, 09/02/1882, 50
UNNAMED, 09/02/1882, 50
UNNAMED, 09/03/1882, 60
UNNAMED, 09/03/1882, 60
UNNAMED, 09/03/1882, 70
UNNAMED, 09/03/1882, 70
UNNAMED, 09/04/1882, 80
UNNAMED, 09/04/1882, 80
UNNAMED, 09/04/1882, 90
UNNAMED, 09/04/1882, 90
UNNAMED, 09/05/1882, 90
UNNAMED, 09/05/1882, 80
UNNAMED, 09/05/1882, 80
UNNAMED, 09/05/1882, 70
UNNAMED, 09/06/1882, 70
UNNAMED, 09/06/1882, 70
UNNAMED, 09/06/1882, 70
UNNAMED, 09/06/1882, 70
UNNAMED, 09/07/1882, 80
UNNAMED, 09/07/1882, 80
UNNAMED, 09/07/1882, 80
UNNAMED, 09/07/1882, 80
UNNAMED, 09/08/1882, 90
UNNAMED, 09/08/1882, 90
UNNAMED, 09/08/1882, 90
UNNAMED, 09/08/1882, 90
UNNAMED, 09/09/1882, 90
UNNAMED, 09/09/1882, 90
UNNAMED, 09/09/1882, 90
UNNAMED, 09/09/1882, 100
UNNAMED, 09/10/1882, 110
UNNAMED, 09/10/1882, 110
UNNAMED, 09/10/1882, 80
UNNAMED, 09/10/1882, 60
UNNAMED, 09/10/1882, 40
UNNAMED, 09/11/1882, 40
UNNAMED, 09/11/1882, 40
UNNAMED, 09/11/1882, 40
UNNAMED, 09/11/1882, 40
UNNAMED, 09/12/1882, 50
UNNAMED, 09/12/1882, 60
UNNAMED, 09/12/1882, 50
UNNAMED, 09/12/1882, 50
UNNAMED, 09/13/1882, 40
UNNAMED, 09/13/1882, 40
UNNAMED, 09/24/1885, 40
UNNAMED, 09/24/1885, 40
UNNAMED, 09/24/1885, 40
UNNAMED, 09/24/1885, 40
UNNAMED, 09/25/1885, 50
UNNAMED, 09/25/1885, 50
UNNAMED, 09/25/1885, 50
UNNAMED, 09/25/1885, 50
UNNAMED, 09/26/1885, 60
UNNAMED, 09/26/1885, 60
UNNAMED, 09/26/1885, 60
UNNAMED, 09/26/1885, 60
UNNAMED, 09/26/1885, 60
UNNAMED, 09/27/1885, 60
UNNAMED, 09/27/1885, 50
UNNAMED, 09/27/1885, 50
UNNAMED, 09/27/1885, 40
UNNAMED, 09/28/1885, 40
UNNAMED, 09/28/1885, 40
UNNAMED, 09/28/1885, 40
UNNAMED, 09/28/1885, 40
UNNAMED, 09/29/1885, 30
UNNAMED, 09/29/1885, 30
UNNAMED, 09/29/1885, 30
UNNAMED, 09/29/1885, 30
UNNAMED, 09/30/1885, 30
UNNAMED, 09/30/1885, 30
UNNAMED, 09/30/1885, 30
UNNAMED, 09/30/1885, 30
UNNAMED, 10/01/1885, 40
UNNAMED, 10/01/1885, 40
UNNAMED, 10/01/1885, 50
UNNAMED, 10/01/1885, 60
UNNAMED, 10/02/1885, 60
UNNAMED, 10/02/1885, 60
UNNAMED, 10/02/1885, 70
UNNAMED, 10/02/1885, 70
UNNAMED, 07/20/1887, 60
UNNAMED, 07/20/1887, 60
UNNAMED, 07/20/1887, 60
UNNAMED, 07/20/1887, 60
UNNAMED, 07/21/1887, 60
UNNAMED, 07/21/1887, 70
UNNAMED, 07/21/1887, 75
UNNAMED, 07/21/1887, 75
UNNAMED, 07/22/1887, 80
UNNAMED, 07/22/1887, 80
UNNAMED, 07/22/1887, 85
UNNAMED, 07/22/1887, 85
UNNAMED, 07/23/1887, 85
UNNAMED, 07/23/1887, 85
UNNAMED, 07/23/1887, 85
UNNAMED, 07/23/1887, 85
UNNAMED, 07/24/1887, 85
UNNAMED, 07/24/1887, 85
UNNAMED, 07/24/1887, 85
UNNAMED, 07/24/1887, 85
UNNAMED, 07/25/1887, 85
UNNAMED, 07/25/1887, 85
UNNAMED, 07/25/1887, 85
UNNAMED, 07/25/1887, 75
UNNAMED, 07/26/1887, 75
UNNAMED, 07/26/1887, 75
UNNAMED, 07/26/1887, 75
UNNAMED, 07/26/1887, 75
UNNAMED, 07/27/1887, 75
UNNAMED, 07/27/1887, 75
UNNAMED, 07/27/1887, 75
UNNAMED, 07/27/1887, 75
UNNAMED, 07/27/1887, 65
UNNAMED, 07/28/1887, 50
UNNAMED, 07/28/1887, 40
UNNAMED, 07/28/1887, 35
UNNAMED, 07/28/1887, 30
UNNAMED, 10/09/1887, 35
UNNAMED, 10/09/1887, 40
UNNAMED, 10/09/1887, 45
UNNAMED, 10/10/1887, 50
UNNAMED, 10/10/1887, 55
UNNAMED, 10/10/1887, 60
UNNAMED, 10/10/1887, 60
UNNAMED, 10/11/1887, 60
UNNAMED, 10/11/1887, 50
UNNAMED, 10/11/1887, 45
UNNAMED, 10/11/1887, 55
UNNAMED, 10/12/1887, 65
UNNAMED, 10/12/1887, 70
UNNAMED, 10/12/1887, 75
UNNAMED, 10/12/1887, 75
UNNAMED, 10/13/1887, 75
UNNAMED, 10/13/1887, 75
UNNAMED, 10/13/1887, 75
UNNAMED, 10/13/1887, 75
UNNAMED, 10/14/1887, 70
UNNAMED, 10/14/1887, 65
UNNAMED, 10/14/1887, 65
UNNAMED, 10/14/1887, 70
UNNAMED, 10/15/1887, 75
UNNAMED, 10/15/1887, 75
UNNAMED, 10/15/1887, 75
UNNAMED, 10/15/1887, 75
UNNAMED, 10/16/1887, 75
UNNAMED, 10/16/1887, 75
UNNAMED, 10/16/1887, 75
UNNAMED, 10/16/1887, 75
UNNAMED, 10/17/1887, 75
UNNAMED, 10/17/1887, 75
UNNAMED, 10/17/1887, 75
UNNAMED, 10/17/1887, 75
UNNAMED, 10/18/1887, 75
UNNAMED, 10/18/1887, 75
UNNAMED, 10/18/1887, 75
UNNAMED, 10/18/1887, 75
UNNAMED, 10/19/1887, 75
UNNAMED, 10/19/1887, 75
UNNAMED, 10/19/1887, 65
UNNAMED, 10/19/1887, 55
UNNAMED, 10/19/1887, 45
UNNAMED, 10/20/1887, 35
UNNAMED, 10/20/1887, 30
UNNAMED, 10/20/1887, 30
UNNAMED, 10/20/1887, 30
UNNAMED, 10/21/1887, 35
UNNAMED, 10/21/1887, 40
UNNAMED, 10/21/1887, 45
UNNAMED, 10/21/1887, 45
UNNAMED, 10/22/1887, 45
UNNAMED, 09/12/1889, 35
UNNAMED, 09/12/1889, 35
UNNAMED, 09/12/1889, 40
UNNAMED, 09/12/1889, 40
UNNAMED, 09/13/1889, 45
UNNAMED, 09/13/1889, 45
UNNAMED, 09/13/1889, 50
UNNAMED, 09/13/1889, 50
UNNAMED, 09/14/1889, 50
UNNAMED, 09/14/1889, 50
UNNAMED, 09/14/1889, 50
UNNAMED, 09/14/1889, 50
UNNAMED, 09/15/1889, 50
UNNAMED, 09/15/1889, 50
UNNAMED, 09/15/1889, 50
UNNAMED, 09/15/1889, 50
UNNAMED, 09/16/1889, 50
UNNAMED, 09/16/1889, 50
UNNAMED, 09/16/1889, 55
UNNAMED, 09/16/1889, 60
UNNAMED, 09/17/1889, 65
UNNAMED, 09/17/1889, 75
UNNAMED, 09/17/1889, 85
UNNAMED, 09/17/1889, 95
UNNAMED, 09/18/1889, 90
UNNAMED, 09/18/1889, 75
UNNAMED, 09/18/1889, 65
UNNAMED, 09/18/1889, 60
UNNAMED, 09/19/1889, 70
UNNAMED, 09/19/1889, 85
UNNAMED, 09/19/1889, 85
UNNAMED, 09/19/1889, 85
UNNAMED, 09/20/1889, 85
UNNAMED, 09/20/1889, 85
UNNAMED, 09/20/1889, 85
UNNAMED, 09/20/1889, 85
UNNAMED, 09/21/1889, 85
UNNAMED, 09/21/1889, 85
UNNAMED, 09/21/1889, 85
UNNAMED, 09/21/1889, 85
UNNAMED, 09/22/1889, 85
UNNAMED, 09/22/1889, 85
UNNAMED, 09/22/1889, 80
UNNAMED, 09/22/1889, 75
UNNAMED, 09/23/1889, 70
UNNAMED, 09/23/1889, 70
UNNAMED, 09/23/1889, 65
UNNAMED, 09/23/1889, 60
UNNAMED, 09/23/1889, 60
UNNAMED, 09/23/1889, 50
UNNAMED, 09/24/1889, 45
UNNAMED, 09/24/1889, 45
UNNAMED, 09/24/1889, 40
UNNAMED, 09/24/1889, 40
UNNAMED, 09/25/1889, 40
UNNAMED, 09/25/1889, 40
UNNAMED, 09/25/1889, 35
UNNAMED, 09/25/1889, 35
UNNAMED, 09/26/1889, 35
UNNAMED, 09/26/1889, 35
UNNAMED, 09/26/1889, 35
UNNAMED, 07/03/1891, 35
UNNAMED, 07/03/1891, 45
UNNAMED, 07/03/1891, 55
UNNAMED, 07/04/1891, 65
UNNAMED, 07/04/1891, 75
UNNAMED, 07/04/1891, 80
UNNAMED, 07/04/1891, 80
UNNAMED, 07/05/1891, 80
UNNAMED, 07/05/1891, 80
UNNAMED, 07/05/1891, 80
UNNAMED, 07/05/1891, 80
UNNAMED, 07/05/1891, 80
UNNAMED, 07/06/1891, 70
UNNAMED, 07/06/1891, 60
UNNAMED, 07/06/1891, 55
UNNAMED, 07/06/1891, 50
UNNAMED, 07/07/1891, 45
UNNAMED, 07/07/1891, 40
UNNAMED, 07/07/1891, 35
UNNAMED, 07/07/1891, 30
UNNAMED, 07/08/1891, 25
UNNAMED, 07/08/1891, 25
UNNAMED, 09/08/1892, 35
UNNAMED, 09/09/1892, 35
UNNAMED, 09/09/1892, 35
UNNAMED, 09/09/1892, 40
UNNAMED, 09/09/1892, 45
UNNAMED, 09/10/1892, 50
UNNAMED, 09/10/1892, 50
UNNAMED, 09/10/1892, 50
UNNAMED, 09/10/1892, 50
UNNAMED, 09/11/1892, 50
UNNAMED, 09/11/1892, 50
UNNAMED, 09/11/1892, 50
UNNAMED, 09/11/1892, 50
UNNAMED, 09/12/1892, 50
UNNAMED, 09/12/1892, 50
UNNAMED, 09/12/1892, 50
UNNAMED, 09/12/1892, 45
UNNAMED, 09/12/1892, 40
UNNAMED, 09/13/1892, 35
UNNAMED, 09/13/1892, 35
UNNAMED, 09/13/1892, 40
UNNAMED, 09/13/1892, 45
UNNAMED, 09/14/1892, 50
UNNAMED, 09/14/1892, 50
UNNAMED, 09/14/1892, 45
UNNAMED, 09/14/1892, 45
UNNAMED, 09/15/1892, 40
UNNAMED, 09/15/1892, 40
UNNAMED, 09/15/1892, 35
UNNAMED, 09/15/1892, 35
UNNAMED, 09/16/1892, 35
UNNAMED, 09/16/1892, 35
UNNAMED, 09/16/1892, 35
UNNAMED, 09/16/1892, 35
UNNAMED, 09/17/1892, 35
UNNAMED, 09/17/1892, 35
UNNAMED, 09/17/1892, 35
UNNAMED, 09/27/1893, 35
UNNAMED, 09/27/1893, 40
UNNAMED, 09/28/1893, 55
UNNAMED, 09/28/1893, 65
UNNAMED, 09/28/1893, 75
UNNAMED, 09/28/1893, 85
UNNAMED, 09/29/1893, 85
UNNAMED, 09/29/1893, 80
UNNAMED, 09/29/1893, 80
UNNAMED, 09/29/1893, 80
UNNAMED, 09/30/1893, 85
UNNAMED, 09/30/1893, 85
UNNAMED, 09/30/1893, 85
UNNAMED, 09/30/1893, 85
UNNAMED, 10/01/1893, 85
UNNAMED, 10/01/1893, 85
UNNAMED, 10/01/1893, 95
UNNAMED, 10/01/1893, 105
UNNAMED, 10/02/1893, 115
UNNAMED, 10/02/1893, 115
UNNAMED, 10/02/1893, 115
UNNAMED, 10/02/1893, 95
UNNAMED, 10/02/1893, 95
UNNAMED, 10/02/1893, 85
UNNAMED, 10/03/1893, 65
UNNAMED, 10/03/1893, 55
UNNAMED, 10/03/1893, 50
UNNAMED, 10/03/1893, 45
UNNAMED, 10/04/1893, 40
UNNAMED, 10/04/1893, 40
UNNAMED, 10/04/1893, 35
UNNAMED, 10/04/1893, 35
UNNAMED, 10/05/1893, 35
UNNAMED, 10/05/1893, 35
UNNAMED, 10/05/1893, 35
UNNAMED, 08/05/1894, 35
UNNAMED, 08/05/1894, 40
UNNAMED, 08/05/1894, 40
UNNAMED, 08/06/1894, 45
UNNAMED, 08/06/1894, 50
UNNAMED, 08/06/1894, 50
UNNAMED, 08/06/1894, 50
UNNAMED, 08/07/1894, 50
UNNAMED, 08/07/1894, 50
UNNAMED, 08/07/1894, 50
UNNAMED, 08/07/1894, 50
UNNAMED, 08/08/1894, 45
UNNAMED, 08/08/1894, 40
UNNAMED, 08/08/1894, 35
UNNAMED, 08/08/1894, 30
UNNAMED, 08/09/1894, 30
UNNAMED, 08/09/1894, 25
UNNAMED, 08/09/1894, 25
UNNAMED, 08/09/1894, 25
UNNAMED, 08/14/1895, 35
UNNAMED, 08/14/1895, 40
UNNAMED, 08/14/1895, 45
UNNAMED, 08/15/1895, 45
UNNAMED, 08/15/1895, 50
UNNAMED, 08/15/1895, 50
UNNAMED, 08/15/1895, 50
UNNAMED, 08/15/1895, 50
UNNAMED, 08/16/1895, 50
UNNAMED, 08/16/1895, 45
UNNAMED, 08/16/1895, 45
UNNAMED, 08/16/1895, 45
UNNAMED, 08/16/1895, 40
UNNAMED, 08/17/1895, 35
UNNAMED, 08/17/1895, 30
UNNAMED, 08/17/1895, 25
UNNAMED, 08/17/1895, 25
UNNAMED, 07/04/1896, 35
UNNAMED, 07/04/1896, 40
UNNAMED, 07/05/1896, 45
UNNAMED, 07/05/1896, 45
UNNAMED, 07/05/1896, 55
UNNAMED, 07/05/1896, 65
UNNAMED, 07/06/1896, 75
UNNAMED, 07/06/1896, 85
UNNAMED, 07/06/1896, 85
UNNAMED, 07/06/1896, 85
UNNAMED, 07/07/1896, 85
UNNAMED, 07/07/1896, 85
UNNAMED, 07/07/1896, 85
UNNAMED, 07/07/1896, 85
UNNAMED, 07/07/1896, 85
UNNAMED, 07/08/1896, 60
UNNAMED, 07/08/1896, 45
UNNAMED, 07/08/1896, 35
UNNAMED, 07/08/1896, 30
UNNAMED, 07/09/1896, 30
UNNAMED, 07/09/1896, 30
UNNAMED, 07/09/1896, 25
UNNAMED, 07/09/1896, 25
UNNAMED, 07/10/1896, 25
UNNAMED, 07/10/1896, 25
UNNAMED, 07/10/1896, 25
UNNAMED, 07/10/1896, 25
UNNAMED, 07/11/1896, 25
UNNAMED, 07/11/1896, 25
UNNAMED, 07/11/1896, 25
UNNAMED, 07/11/1896, 25
UNNAMED, 07/12/1896, 25
UNNAMED, 07/12/1896, 25
UNNAMED, 07/12/1896, 25
UNNAMED, 08/02/1898, 35
UNNAMED, 08/02/1898, 35
UNNAMED, 08/02/1898, 30
UNNAMED, 08/02/1898, 35
UNNAMED, 08/02/1898, 55
UNNAMED, 08/02/1898, 70
UNNAMED, 08/03/1898, 70
UNNAMED, 08/03/1898, 50
UNNAMED, 08/03/1898, 35
UNNAMED, 08/03/1898, 25
UNNAMED, 08/30/1898, 35
UNNAMED, 08/30/1898, 65
UNNAMED, 08/30/1898, 75
UNNAMED, 08/31/1898, 75
UNNAMED, 08/31/1898, 75
UNNAMED, 08/31/1898, 75
UNNAMED, 08/31/1898, 60
UNNAMED, 08/31/1898, 50
UNNAMED, 09/01/1898, 45
UNNAMED, 09/01/1898, 40
UNNAMED, 09/01/1898, 35
UNNAMED, 09/01/1898, 30
UNNAMED, 09/25/1898, 35
UNNAMED, 09/25/1898, 40
UNNAMED, 09/25/1898, 40
UNNAMED, 09/25/1898, 45
UNNAMED, 09/26/1898, 50
UNNAMED, 09/26/1898, 60
UNNAMED, 09/26/1898, 65
UNNAMED, 09/26/1898, 65
UNNAMED, 09/27/1898, 65
UNNAMED, 09/27/1898, 70
UNNAMED, 09/27/1898, 75
UNNAMED, 09/27/1898, 80
UNNAMED, 09/28/1898, 85
UNNAMED, 09/28/1898, 90
UNNAMED, 09/28/1898, 95
UNNAMED, 09/28/1898, 95
UNNAMED, 09/29/1898, 95
UNNAMED, 09/29/1898, 95
UNNAMED, 09/29/1898, 95
UNNAMED, 09/29/1898, 95
UNNAMED, 09/30/1898, 95
UNNAMED, 09/30/1898, 95
UNNAMED, 09/30/1898, 95
UNNAMED, 09/30/1898, 95
UNNAMED, 10/01/1898, 95
UNNAMED, 10/01/1898, 100
UNNAMED, 10/01/1898, 105
UNNAMED, 10/01/1898, 110
UNNAMED, 10/02/1898, 115
UNNAMED, 10/02/1898, 115
UNNAMED, 10/02/1898, 115
UNNAMED, 10/02/1898, 115
UNNAMED, 10/02/1898, 90
UNNAMED, 10/03/1898, 65
UNNAMED, 10/03/1898, 45
UNNAMED, 10/03/1898, 35
UNNAMED, 10/03/1898, 30
UNNAMED, 10/04/1898, 30
UNNAMED, 10/04/1898, 30
UNNAMED, 10/04/1898, 30
UNNAMED, 10/04/1898, 30
UNNAMED, 10/05/1898, 25
UNNAMED, 10/05/1898, 25
UNNAMED, 10/05/1898, 25
UNNAMED, 10/05/1898, 25
UNNAMED, 10/06/1898, 25
UNNAMED, 10/06/1898, 25
UNNAMED, 10/06/1898, 25
UNNAMED, 10/06/1898, 25
UNNAMED, 07/28/1899, 70
UNNAMED, 07/28/1899, 70
UNNAMED, 07/29/1899, 50
UNNAMED, 07/29/1899, 40
UNNAMED, 07/29/1899, 40
UNNAMED, 07/29/1899, 40
UNNAMED, 07/30/1899, 40
UNNAMED, 07/30/1899, 40
UNNAMED, 07/30/1899, 40
UNNAMED, 07/30/1899, 35
UNNAMED, 07/30/1899, 35
UNNAMED, 07/31/1899, 45
UNNAMED, 07/31/1899, 55
UNNAMED, 07/31/1899, 65
UNNAMED, 07/31/1899, 75
UNNAMED, 08/01/1899, 85
UNNAMED, 08/01/1899, 85
UNNAMED, 08/01/1899, 85
UNNAMED, 08/01/1899, 85
UNNAMED, 08/01/1899, 85
UNNAMED, 08/02/1899, 60
UNNAMED, 08/02/1899, 45
UNNAMED, 08/02/1899, 35
UNNAMED, 08/02/1899, 30
UNNAMED, 09/11/1900, 35
UNNAMED, 09/11/1900, 40
UNNAMED, 09/11/1900, 40
UNNAMED, 09/11/1900, 45
UNNAMED, 09/12/1900, 45
UNNAMED, 09/12/1900, 45
UNNAMED, 09/12/1900, 45
UNNAMED, 09/12/1900, 45
UNNAMED, 09/13/1900, 45
UNNAMED, 09/13/1900, 40
UNNAMED, 09/13/1900, 35
UNNAMED, 09/13/1900, 35
UNNAMED, 09/13/1900, 35
UNNAMED, 09/14/1900, 30
UNNAMED, 09/14/1900, 30
UNNAMED, 09/14/1900, 30
UNNAMED, 09/14/1900, 30
UNNAMED, 09/15/1900, 25
UNNAMED, 09/15/1900, 25
UNNAMED, 09/15/1900, 25
UNNAMED, 09/15/1900, 25
UNNAMED, 06/11/1901, 25
UNNAMED, 06/11/1901, 25
UNNAMED, 06/11/1901, 30
UNNAMED, 06/11/1901, 30
UNNAMED, 06/12/1901, 35
UNNAMED, 06/12/1901, 35
UNNAMED, 06/12/1901, 35
UNNAMED, 06/12/1901, 35
UNNAMED, 06/13/1901, 35
UNNAMED, 06/13/1901, 35
UNNAMED, 06/13/1901, 35
UNNAMED, 06/13/1901, 35
UNNAMED, 06/13/1901, 35
UNNAMED, 06/14/1901, 30
UNNAMED, 06/14/1901, 30
UNNAMED, 06/14/1901, 25
UNNAMED, 06/14/1901, 25
UNNAMED, 06/15/1901, 25
UNNAMED, 06/15/1901, 25
UNNAMED, 06/15/1901, 25
UNNAMED, 06/15/1901, 25
UNNAMED, 08/02/1901, 25
UNNAMED, 08/02/1901, 25
UNNAMED, 08/02/1901, 25
UNNAMED, 08/02/1901, 25
UNNAMED, 08/03/1901, 25
UNNAMED, 08/03/1901, 25
UNNAMED, 08/03/1901, 25
UNNAMED, 08/03/1901, 25
UNNAMED, 08/04/1901, 30
UNNAMED, 08/04/1901, 30
UNNAMED, 08/04/1901, 30
UNNAMED, 08/04/1901, 30
UNNAMED, 08/05/1901, 30
UNNAMED, 08/05/1901, 30
UNNAMED, 08/05/1901, 30
UNNAMED, 08/05/1901, 30
UNNAMED, 08/06/1901, 30
UNNAMED, 08/06/1901, 30
UNNAMED, 08/06/1901, 30
UNNAMED, 08/06/1901, 30
UNNAMED, 08/07/1901, 30
UNNAMED, 08/07/1901, 30
UNNAMED, 08/07/1901, 30
UNNAMED, 08/07/1901, 30
UNNAMED, 08/08/1901, 30
UNNAMED, 08/08/1901, 30
UNNAMED, 08/08/1901, 30
UNNAMED, 08/08/1901, 30
UNNAMED, 08/09/1901, 35
UNNAMED, 08/09/1901, 35
UNNAMED, 08/09/1901, 40
UNNAMED, 08/09/1901, 40
UNNAMED, 08/10/1901, 40
UNNAMED, 08/10/1901, 40
UNNAMED, 08/10/1901, 40
UNNAMED, 08/10/1901, 40
UNNAMED, 08/10/1901, 40
UNNAMED, 08/11/1901, 35
UNNAMED, 08/11/1901, 35
UNNAMED, 08/11/1901, 40
UNNAMED, 08/11/1901, 45
UNNAMED, 08/12/1901, 50
UNNAMED, 08/12/1901, 55
UNNAMED, 08/12/1901, 65
UNNAMED, 08/12/1901, 70
UNNAMED, 08/13/1901, 75
UNNAMED, 08/13/1901, 80
UNNAMED, 08/13/1901, 80
UNNAMED, 08/13/1901, 80
UNNAMED, 08/14/1901, 80
UNNAMED, 08/14/1901, 80
UNNAMED, 08/14/1901, 75
UNNAMED, 08/14/1901, 75
UNNAMED, 08/14/1901, 75
UNNAMED, 08/15/1901, 75
UNNAMED, 08/15/1901, 75
UNNAMED, 08/15/1901, 75
UNNAMED, 08/15/1901, 75
UNNAMED, 08/15/1901, 70
UNNAMED, 08/16/1901, 60
UNNAMED, 08/16/1901, 45
UNNAMED, 08/16/1901, 40
UNNAMED, 08/16/1901, 35
UNNAMED, 08/17/1901, 30
UNNAMED, 08/17/1901, 30
UNNAMED, 08/17/1901, 25
UNNAMED, 08/17/1901, 25
UNNAMED, 08/18/1901, 25
UNNAMED, 08/18/1901, 25
UNNAMED, 08/18/1901, 25
UNNAMED, 08/18/1901, 25
UNNAMED, 09/09/1901, 35
UNNAMED, 09/09/1901, 35
UNNAMED, 09/09/1901, 35
UNNAMED, 09/10/1901, 35
UNNAMED, 09/10/1901, 35
UNNAMED, 09/10/1901, 35
UNNAMED, 09/10/1901, 35
UNNAMED, 09/11/1901, 35
UNNAMED, 09/11/1901, 40
UNNAMED, 09/11/1901, 45
UNNAMED, 09/11/1901, 50
UNNAMED, 09/12/1901, 50
UNNAMED, 09/12/1901, 50
UNNAMED, 09/12/1901, 50
UNNAMED, 09/12/1901, 40
UNNAMED, 09/13/1901, 35
UNNAMED, 09/13/1901, 35
UNNAMED, 09/13/1901, 45
UNNAMED, 09/13/1901, 50
UNNAMED, 09/14/1901, 55
UNNAMED, 09/14/1901, 60
UNNAMED, 09/14/1901, 65
UNNAMED, 09/14/1901, 65
UNNAMED, 09/15/1901, 70
UNNAMED, 09/15/1901, 70
UNNAMED, 09/15/1901, 70
UNNAMED, 09/15/1901, 65
UNNAMED, 09/16/1901, 60
UNNAMED, 09/16/1901, 55
UNNAMED, 09/16/1901, 50
UNNAMED, 09/16/1901, 50
UNNAMED, 09/17/1901, 50
UNNAMED, 09/17/1901, 50
UNNAMED, 09/17/1901, 50
UNNAMED, 09/17/1901, 50
UNNAMED, 09/17/1901, 50
UNNAMED, 09/18/1901, 40
UNNAMED, 09/18/1901, 35
UNNAMED, 09/18/1901, 35
UNNAMED, 09/18/1901, 35
UNNAMED, 09/19/1901, 40
UNNAMED, 09/19/1901, 45
UNNAMED, 09/19/1901, 50
UNNAMED, 09/19/1901, 50
UNNAMED, 10/03/1902, 30
UNNAMED, 10/03/1902, 30
UNNAMED, 10/03/1902, 30
UNNAMED, 10/03/1902, 30
UNNAMED, 10/04/1902, 30
UNNAMED, 10/04/1902, 30
UNNAMED, 10/04/1902, 30
UNNAMED, 10/04/1902, 30
UNNAMED, 10/05/1902, 30
UNNAMED, 10/05/1902, 30
UNNAMED, 10/05/1902, 35
UNNAMED, 10/05/1902, 45
UNNAMED, 10/06/1902, 55
UNNAMED, 10/06/1902, 60
UNNAMED, 10/06/1902, 65
UNNAMED, 10/06/1902, 75
UNNAMED, 10/07/1902, 85
UNNAMED, 10/07/1902, 90
UNNAMED, 10/07/1902, 90
UNNAMED, 10/07/1902, 90
UNNAMED, 10/08/1902, 90
UNNAMED, 10/08/1902, 90
UNNAMED, 10/08/1902, 90
UNNAMED, 10/08/1902, 90
UNNAMED, 10/09/1902, 90
UNNAMED, 10/09/1902, 85
UNNAMED, 10/09/1902, 80
UNNAMED, 10/09/1902, 70
UNNAMED, 10/10/1902, 65
UNNAMED, 10/10/1902, 60
UNNAMED, 10/10/1902, 55
UNNAMED, 10/10/1902, 50
UNNAMED, 10/10/1902, 50
UNNAMED, 10/11/1902, 40
UNNAMED, 10/11/1902, 35
UNNAMED, 10/11/1902, 35
UNNAMED, 10/11/1902, 35
UNNAMED, 10/12/1902, 35
UNNAMED, 10/12/1902, 35
UNNAMED, 10/12/1902, 35
UNNAMED, 10/12/1902, 35
UNNAMED, 10/13/1902, 35
UNNAMED, 10/13/1902, 40
UNNAMED, 10/13/1902, 40
UNNAMED, 09/09/1903, 50
UNNAMED, 09/09/1903, 50
UNNAMED, 09/09/1903, 50
UNNAMED, 09/10/1903, 55
UNNAMED, 09/10/1903, 60
UNNAMED, 09/10/1903, 65
UNNAMED, 09/10/1903, 70
UNNAMED, 09/11/1903, 75
UNNAMED, 09/11/1903, 75
UNNAMED, 09/11/1903, 75
UNNAMED, 09/11/1903, 75
UNNAMED, 09/11/1903, 75
UNNAMED, 09/12/1903, 70
UNNAMED, 09/12/1903, 60
UNNAMED, 09/12/1903, 55
UNNAMED, 09/12/1903, 50
UNNAMED, 09/13/1903, 60
UNNAMED, 09/13/1903, 70
UNNAMED, 09/13/1903, 80
UNNAMED, 09/13/1903, 80
UNNAMED, 09/13/1903, 80
UNNAMED, 09/14/1903, 80
UNNAMED, 09/14/1903, 60
UNNAMED, 09/14/1903, 45
UNNAMED, 09/14/1903, 35
UNNAMED, 09/15/1903, 35
UNNAMED, 09/15/1903, 35
UNNAMED, 09/15/1903, 35
UNNAMED, 09/15/1903, 35
UNNAMED, 09/16/1903, 30
UNNAMED, 09/16/1903, 30
UNNAMED, 09/16/1903, 30
UNNAMED, 09/16/1903, 30
UNNAMED, 10/05/1905, 35
UNNAMED, 10/05/1905, 40
UNNAMED, 10/05/1905, 40
UNNAMED, 10/06/1905, 40
UNNAMED, 10/06/1905, 40
UNNAMED, 10/06/1905, 40
UNNAMED, 10/06/1905, 40
UNNAMED, 10/07/1905, 40
UNNAMED, 10/07/1905, 40
UNNAMED, 10/07/1905, 40
UNNAMED, 10/07/1905, 40
UNNAMED, 10/08/1905, 45
UNNAMED, 10/08/1905, 45
UNNAMED, 10/08/1905, 45
UNNAMED, 10/08/1905, 45
UNNAMED, 10/09/1905, 45
UNNAMED, 10/09/1905, 45
UNNAMED, 10/09/1905, 45
UNNAMED, 10/09/1905, 45
UNNAMED, 10/09/1905, 40
UNNAMED, 10/10/1905, 35
UNNAMED, 10/10/1905, 30
UNNAMED, 10/10/1905, 25
UNNAMED, 10/10/1905, 25
UNNAMED, 10/11/1905, 25
UNNAMED, 10/11/1905, 25
UNNAMED, 10/11/1905, 25
UNNAMED, 10/11/1905, 25
UNNAMED, 06/08/1906, 35
UNNAMED, 06/08/1906, 35
UNNAMED, 06/09/1906, 35
UNNAMED, 06/09/1906, 35
UNNAMED, 06/09/1906, 40
UNNAMED, 06/09/1906, 45
UNNAMED, 06/10/1906, 45
UNNAMED, 06/10/1906, 45
UNNAMED, 06/10/1906, 45
UNNAMED, 06/10/1906, 45
UNNAMED, 06/11/1906, 45
UNNAMED, 06/11/1906, 45
UNNAMED, 06/11/1906, 45
UNNAMED, 06/11/1906, 45
UNNAMED, 06/12/1906, 45
UNNAMED, 06/12/1906, 45
UNNAMED, 06/12/1906, 45
UNNAMED, 06/12/1906, 45
UNNAMED, 06/12/1906, 45
UNNAMED, 06/13/1906, 40
UNNAMED, 06/13/1906, 35
UNNAMED, 06/13/1906, 35
UNNAMED, 06/13/1906, 30
UNNAMED, 06/14/1906, 30
UNNAMED, 06/14/1906, 30
UNNAMED, 06/14/1906, 30
UNNAMED, 06/14/1906, 30
UNNAMED, 09/18/1907, 30
UNNAMED, 09/18/1907, 30
UNNAMED, 09/19/1907, 30
UNNAMED, 09/19/1907, 35
UNNAMED, 09/19/1907, 35
UNNAMED, 09/19/1907, 35
UNNAMED, 09/20/1907, 40
UNNAMED, 09/20/1907, 40
UNNAMED, 09/20/1907, 40
UNNAMED, 09/20/1907, 40
UNNAMED, 09/21/1907, 40
UNNAMED, 09/21/1907, 40
UNNAMED, 09/21/1907, 40
UNNAMED, 09/21/1907, 40
UNNAMED, 09/21/1907, 35
UNNAMED, 09/22/1907, 35
UNNAMED, 09/22/1907, 35
UNNAMED, 09/22/1907, 35
UNNAMED, 09/22/1907, 35
UNNAMED, 09/23/1907, 35
UNNAMED, 09/23/1907, 35
UNNAMED, 09/23/1907, 35
UNNAMED, 09/23/1907, 30
UNNAMED, 08/04/1911, 20
UNNAMED, 08/04/1911, 20
UNNAMED, 08/05/1911, 20
UNNAMED, 08/05/1911, 20
UNNAMED, 08/05/1911, 25
UNNAMED, 08/05/1911, 25
UNNAMED, 08/06/1911, 25
UNNAMED, 08/06/1911, 25
UNNAMED, 08/06/1911, 25
UNNAMED, 08/06/1911, 25
UNNAMED, 08/07/1911, 30
UNNAMED, 08/07/1911, 30
UNNAMED, 08/07/1911, 30
UNNAMED, 08/07/1911, 30
UNNAMED, 08/08/1911, 30
UNNAMED, 08/08/1911, 30
UNNAMED, 08/08/1911, 30
UNNAMED, 08/08/1911, 30
UNNAMED, 08/09/1911, 35
UNNAMED, 08/09/1911, 35
UNNAMED, 08/09/1911, 35
UNNAMED, 08/09/1911, 35
UNNAMED, 08/10/1911, 40
UNNAMED, 08/10/1911, 45
UNNAMED, 08/10/1911, 50
UNNAMED, 08/10/1911, 50
UNNAMED, 08/11/1911, 50
UNNAMED, 08/11/1911, 45
UNNAMED, 08/11/1911, 40
UNNAMED, 08/11/1911, 35
UNNAMED, 08/12/1911, 30
UNNAMED, 08/08/1911, 30
UNNAMED, 08/08/1911, 30
UNNAMED, 08/09/1911, 30
UNNAMED, 08/09/1911, 35
UNNAMED, 08/09/1911, 35
UNNAMED, 08/09/1911, 35
UNNAMED, 08/10/1911, 40
UNNAMED, 08/10/1911, 45
UNNAMED, 08/10/1911, 50
UNNAMED, 08/10/1911, 55
UNNAMED, 08/11/1911, 60
UNNAMED, 08/11/1911, 65
UNNAMED, 08/11/1911, 70
UNNAMED, 08/11/1911, 70
UNNAMED, 08/11/1911, 70
UNNAMED, 08/12/1911, 65
UNNAMED, 08/12/1911, 55
UNNAMED, 08/12/1911, 45
UNNAMED, 08/12/1911, 40
UNNAMED, 08/13/1911, 35
UNNAMED, 08/13/1911, 30
UNNAMED, 08/13/1911, 30
UNNAMED, 08/13/1911, 30
UNNAMED, 08/14/1911, 25
UNNAMED, 08/14/1911, 20
UNNAMED, 08/14/1911, 20
UNNAMED, 06/07/1912, 35
UNNAMED, 06/07/1912, 35
UNNAMED, 06/08/1912, 40
UNNAMED, 06/08/1912, 45
UNNAMED, 06/08/1912, 50
UNNAMED, 06/08/1912, 50
UNNAMED, 06/09/1912, 50
UNNAMED, 06/09/1912, 55
UNNAMED, 06/09/1912, 60
UNNAMED, 06/09/1912, 60
UNNAMED, 06/10/1912, 60
UNNAMED, 06/10/1912, 60
UNNAMED, 06/10/1912, 60
UNNAMED, 06/10/1912, 60
UNNAMED, 06/11/1912, 60
UNNAMED, 06/11/1912, 60
UNNAMED, 06/11/1912, 60
UNNAMED, 06/11/1912, 60
UNNAMED, 06/12/1912, 60
UNNAMED, 06/12/1912, 60
UNNAMED, 06/12/1912, 60
UNNAMED, 06/12/1912, 60
UNNAMED, 06/13/1912, 60
UNNAMED, 06/13/1912, 60
UNNAMED, 06/13/1912, 55
UNNAMED, 06/13/1912, 50
UNNAMED, 06/13/1912, 45
UNNAMED, 06/14/1912, 40
UNNAMED, 06/14/1912, 35
UNNAMED, 06/14/1912, 35
UNNAMED, 06/14/1912, 35
UNNAMED, 06/15/1912, 35
UNNAMED, 06/15/1912, 40
UNNAMED, 06/15/1912, 40
UNNAMED, 06/15/1912, 40
UNNAMED, 06/16/1912, 35
UNNAMED, 06/16/1912, 35
UNNAMED, 06/16/1912, 30
UNNAMED, 06/16/1912, 30
UNNAMED, 06/17/1912, 30
UNNAMED, 06/17/1912, 30
UNNAMED, 06/17/1912, 30
UNNAMED, 07/12/1912, 35
UNNAMED, 07/12/1912, 35
UNNAMED, 07/13/1912, 35
UNNAMED, 07/13/1912, 35
UNNAMED, 07/13/1912, 35
UNNAMED, 07/13/1912, 35
UNNAMED, 07/14/1912, 35
UNNAMED, 07/14/1912, 35
UNNAMED, 07/14/1912, 35
UNNAMED, 07/14/1912, 40
UNNAMED, 07/15/1912, 40
UNNAMED, 07/15/1912, 40
UNNAMED, 07/15/1912, 45
UNNAMED, 07/15/1912, 45
UNNAMED, 07/15/1912, 40
UNNAMED, 07/16/1912, 40
UNNAMED, 07/16/1912, 35
UNNAMED, 07/16/1912, 30
UNNAMED, 07/16/1912, 25
UNNAMED, 07/17/1912, 25
UNNAMED, 07/17/1912, 20
UNNAMED, 07/17/1912, 20
UNNAMED, 09/15/1914, 30
UNNAMED, 09/15/1914, 30
UNNAMED, 09/15/1914, 35
UNNAMED, 09/15/1914, 35
UNNAMED, 09/16/1914, 40
UNNAMED, 09/16/1914, 45
UNNAMED, 09/16/1914, 50
UNNAMED, 09/16/1914, 55
UNNAMED, 09/17/1914, 60
UNNAMED, 09/17/1914, 60
UNNAMED, 09/17/1914, 60
UNNAMED, 09/17/1914, 40
UNNAMED, 09/17/1914, 35
UNNAMED, 09/18/1914, 35
UNNAMED, 09/18/1914, 35
UNNAMED, 09/18/1914, 35
UNNAMED, 09/18/1914, 30
UNNAMED, 09/19/1914, 30
UNNAMED, 09/19/1914, 25
UNNAMED, 08/31/1915, 30
UNNAMED, 08/31/1915, 35
UNNAMED, 09/01/1915, 40
UNNAMED, 09/01/1915, 45
UNNAMED, 09/01/1915, 50
UNNAMED, 09/01/1915, 55
UNNAMED, 09/02/1915, 60
UNNAMED, 09/02/1915, 65
UNNAMED, 09/02/1915, 75
UNNAMED, 09/02/1915, 85
UNNAMED, 09/03/1915, 85
UNNAMED, 09/03/1915, 80
UNNAMED, 09/03/1915, 80
UNNAMED, 09/03/1915, 80
UNNAMED, 09/04/1915, 80
UNNAMED, 09/04/1915, 80
UNNAMED, 09/04/1915, 80
UNNAMED, 09/04/1915, 70
UNNAMED, 09/04/1915, 50
UNNAMED, 09/05/1915, 35
UNNAMED, 09/05/1915, 30
UNNAMED, 09/05/1915, 30
UNNAMED, 09/05/1915, 25
UNNAMED, 09/06/1915, 25
UNNAMED, 09/06/1915, 25
UNNAMED, 09/06/1915, 25
UNNAMED, 09/06/1915, 20
UNNAMED, 06/28/1916, 25
UNNAMED, 06/28/1916, 25
UNNAMED, 06/29/1916, 25
UNNAMED, 06/29/1916, 25
UNNAMED, 06/29/1916, 25
UNNAMED, 06/29/1916, 25
UNNAMED, 06/30/1916, 30
UNNAMED, 06/30/1916, 30
UNNAMED, 06/30/1916, 30
UNNAMED, 06/30/1916, 30
UNNAMED, 07/01/1916, 30
UNNAMED, 07/01/1916, 30
UNNAMED, 07/01/1916, 30
UNNAMED, 07/01/1916, 30
UNNAMED, 07/02/1916, 35
UNNAMED, 07/02/1916, 35
UNNAMED, 07/02/1916, 40
UNNAMED, 07/02/1916, 45
UNNAMED, 07/03/1916, 50
UNNAMED, 07/03/1916, 55
UNNAMED, 07/03/1916, 60
UNNAMED, 07/03/1916, 65
UNNAMED, 07/04/1916, 70
UNNAMED, 07/04/1916, 75
UNNAMED, 07/04/1916, 80
UNNAMED, 07/04/1916, 85
UNNAMED, 07/05/1916, 90
UNNAMED, 07/05/1916, 95
UNNAMED, 07/05/1916, 100
UNNAMED, 07/05/1916, 105
UNNAMED, 07/05/1916, 105
UNNAMED, 07/06/1916, 80
UNNAMED, 07/06/1916, 55
UNNAMED, 07/06/1916, 45
UNNAMED, 07/06/1916, 40
UNNAMED, 07/07/1916, 40
UNNAMED, 07/07/1916, 40
UNNAMED, 07/07/1916, 40
UNNAMED, 07/07/1916, 40
UNNAMED, 07/08/1916, 40
UNNAMED, 07/08/1916, 40
UNNAMED, 07/08/1916, 35
UNNAMED, 07/08/1916, 35
UNNAMED, 07/09/1916, 30
UNNAMED, 07/09/1916, 30
UNNAMED, 07/09/1916, 25
UNNAMED, 07/09/1916, 25
UNNAMED, 07/10/1916, 20
UNNAMED, 07/10/1916, 20
UNNAMED, 07/10/1916, 20
UNNAMED, 07/10/1916, 20
UNNAMED, 10/09/1916, 25
UNNAMED, 10/09/1916, 25
UNNAMED, 10/09/1916, 25
UNNAMED, 10/10/1916, 30
UNNAMED, 10/10/1916, 30
UNNAMED, 10/10/1916, 30
UNNAMED, 10/10/1916, 30
UNNAMED, 10/11/1916, 30
UNNAMED, 10/11/1916, 30
UNNAMED, 10/11/1916, 30
UNNAMED, 10/11/1916, 30
UNNAMED, 10/12/1916, 35
UNNAMED, 10/12/1916, 40
UNNAMED, 10/12/1916, 45
UNNAMED, 10/12/1916, 50
UNNAMED, 10/13/1916, 55
UNNAMED, 10/13/1916, 60
UNNAMED, 10/13/1916, 65
UNNAMED, 10/13/1916, 75
UNNAMED, 10/14/1916, 85
UNNAMED, 10/14/1916, 95
UNNAMED, 10/14/1916, 95
UNNAMED, 10/14/1916, 95
UNNAMED, 10/15/1916, 95
UNNAMED, 10/15/1916, 95
UNNAMED, 10/15/1916, 95
UNNAMED, 10/15/1916, 65
UNNAMED, 10/16/1916, 50
UNNAMED, 10/16/1916, 40
UNNAMED, 10/16/1916, 40
UNNAMED, 10/16/1916, 50
UNNAMED, 10/17/1916, 60
UNNAMED, 10/17/1916, 70
UNNAMED, 10/17/1916, 80
UNNAMED, 10/17/1916, 85
UNNAMED, 10/18/1916, 90
UNNAMED, 10/18/1916, 95
UNNAMED, 10/18/1916, 95
UNNAMED, 10/18/1916, 95
UNNAMED, 10/18/1916, 65
UNNAMED, 10/19/1916, 45
UNNAMED, 10/19/1916, 30
UNNAMED, 10/19/1916, 25
UNNAMED, 09/20/1917, 40
UNNAMED, 09/20/1917, 40
UNNAMED, 09/20/1917, 40
UNNAMED, 09/20/1917, 45
UNNAMED, 09/21/1917, 50
UNNAMED, 09/21/1917, 55
UNNAMED, 09/21/1917, 60
UNNAMED, 09/21/1917, 65
UNNAMED, 09/22/1917, 70
UNNAMED, 09/22/1917, 75
UNNAMED, 09/22/1917, 80
UNNAMED, 09/22/1917, 85
UNNAMED, 09/23/1917, 85
UNNAMED, 09/23/1917, 90
UNNAMED, 09/23/1917, 90
UNNAMED, 09/23/1917, 95
UNNAMED, 09/24/1917, 95
UNNAMED, 09/24/1917, 100
UNNAMED, 09/24/1917, 100
UNNAMED, 09/24/1917, 105
UNNAMED, 09/25/1917, 110
UNNAMED, 09/25/1917, 120
UNNAMED, 09/25/1917, 130
UNNAMED, 09/25/1917, 130
UNNAMED, 09/26/1917, 120
UNNAMED, 09/26/1917, 120
UNNAMED, 09/26/1917, 120
UNNAMED, 09/26/1917, 120
UNNAMED, 09/27/1917, 115
UNNAMED, 09/27/1917, 115
UNNAMED, 09/27/1917, 110
UNNAMED, 09/27/1917, 110
UNNAMED, 09/28/1917, 105
UNNAMED, 09/28/1917, 105
UNNAMED, 09/28/1917, 105
UNNAMED, 09/28/1917, 100
UNNAMED, 09/29/1917, 100
UNNAMED, 09/29/1917, 100
UNNAMED, 09/29/1917, 75
UNNAMED, 09/29/1917, 55
UNNAMED, 09/29/1917, 40
UNNAMED, 09/30/1917, 35
UNNAMED, 09/30/1917, 30
UNNAMED, 07/02/1919, 25
UNNAMED, 07/02/1919, 30
UNNAMED, 07/02/1919, 35
UNNAMED, 07/03/1919, 40
UNNAMED, 07/03/1919, 45
UNNAMED, 07/03/1919, 50
UNNAMED, 07/03/1919, 55
UNNAMED, 07/04/1919, 55
UNNAMED, 07/04/1919, 55
UNNAMED, 07/04/1919, 55
UNNAMED, 07/04/1919, 45
UNNAMED, 07/04/1919, 35
UNNAMED, 07/05/1919, 30
UNNAMED, 07/05/1919, 25
UNNAMED, 07/05/1919, 20
UNNAMED, 07/05/1919, 20
UNNAMED, 09/29/1919, 30
UNNAMED, 09/29/1919, 30
UNNAMED, 09/29/1919, 35
UNNAMED, 09/29/1919, 35
UNNAMED, 09/30/1919, 35
UNNAMED, 09/30/1919, 40
UNNAMED, 09/30/1919, 40
UNNAMED, 09/30/1919, 40
UNNAMED, 10/01/1919, 40
UNNAMED, 10/01/1919, 40
UNNAMED, 10/01/1919, 35
UNNAMED, 10/01/1919, 30
UNNAMED, 10/01/1919, 25
UNNAMED, 10/02/1919, 20
UNNAMED, 10/12/1922, 25
UNNAMED, 10/12/1922, 25
UNNAMED, 10/12/1922, 25
UNNAMED, 10/12/1922, 25
UNNAMED, 10/13/1922, 30
UNNAMED, 10/13/1922, 30
UNNAMED, 10/13/1922, 35
UNNAMED, 10/13/1922, 35
UNNAMED, 10/14/1922, 35
UNNAMED, 10/14/1922, 35
UNNAMED, 10/14/1922, 35
UNNAMED, 10/14/1922, 40
UNNAMED, 10/15/1922, 45
UNNAMED, 10/15/1922, 45
UNNAMED, 10/15/1922, 45
UNNAMED, 10/15/1922, 45
UNNAMED, 10/16/1922, 45
UNNAMED, 10/16/1922, 40
UNNAMED, 10/16/1922, 35
UNNAMED, 10/16/1922, 30
UNNAMED, 10/17/1922, 30
UNNAMED, 10/17/1922, 25
UNNAMED, 10/17/1922, 25
UNNAMED, 10/17/1922, 25
UNNAMED, 06/22/1923, 25
UNNAMED, 06/22/1923, 25
UNNAMED, 06/23/1923, 25
UNNAMED, 06/23/1923, 25
UNNAMED, 06/23/1923, 25
UNNAMED, 06/23/1923, 25
UNNAMED, 06/24/1923, 25
UNNAMED, 06/24/1923, 25
UNNAMED, 06/24/1923, 25
UNNAMED, 06/24/1923, 25
UNNAMED, 06/25/1923, 25
UNNAMED, 06/25/1923, 30
UNNAMED, 06/25/1923, 30
UNNAMED, 06/25/1923, 35
UNNAMED, 06/26/1923, 40
UNNAMED, 06/26/1923, 40
UNNAMED, 06/26/1923, 40
UNNAMED, 06/26/1923, 35
UNNAMED, 06/26/1923, 30
UNNAMED, 06/27/1923, 30
UNNAMED, 06/27/1923, 30
UNNAMED, 06/27/1923, 40
UNNAMED, 06/27/1923, 40
UNNAMED, 06/28/1923, 45
UNNAMED, 06/28/1923, 50
UNNAMED, 06/28/1923, 50
UNNAMED, 06/28/1923, 45
UNNAMED, 06/29/1923, 40
UNNAMED, 07/22/1926, 35
UNNAMED, 07/22/1926, 40
UNNAMED, 07/22/1926, 50
UNNAMED, 07/23/1926, 60
UNNAMED, 07/23/1926, 70
UNNAMED, 07/23/1926, 80
UNNAMED, 07/23/1926, 90
UNNAMED, 07/24/1926, 90
UNNAMED, 07/24/1926, 85
UNNAMED, 07/24/1926, 80
UNNAMED, 07/24/1926, 75
UNNAMED, 07/25/1926, 85
UNNAMED, 07/25/1926, 95
UNNAMED, 07/25/1926, 105
UNNAMED, 07/25/1926, 115
UNNAMED, 07/26/1926, 120
UNNAMED, 07/26/1926, 120
UNNAMED, 07/26/1926, 115
UNNAMED, 07/26/1926, 110
UNNAMED, 07/27/1926, 105
UNNAMED, 07/27/1926, 95
UNNAMED, 07/27/1926, 95
UNNAMED, 07/27/1926, 95
UNNAMED, 07/28/1926, 90
UNNAMED, 07/28/1926, 90
UNNAMED, 07/28/1926, 90
UNNAMED, 07/28/1926, 75
UNNAMED, 07/28/1926, 55
UNNAMED, 07/29/1926, 50
UNNAMED, 07/29/1926, 40
UNNAMED, 07/29/1926, 35
UNNAMED, 07/29/1926, 30
UNNAMED, 07/30/1926, 30
UNNAMED, 07/30/1926, 25
UNNAMED, 07/30/1926, 25
UNNAMED, 07/30/1926, 25
UNNAMED, 07/31/1926, 25
UNNAMED, 07/31/1926, 25
UNNAMED, 07/31/1926, 25
UNNAMED, 07/31/1926, 25
UNNAMED, 08/01/1926, 25
UNNAMED, 08/01/1926, 25
UNNAMED, 08/01/1926, 25
UNNAMED, 08/01/1926, 25
UNNAMED, 08/02/1926, 25
UNNAMED, 08/02/1926, 25
UNNAMED, 08/02/1926, 25
UNNAMED, 09/11/1926, 55
UNNAMED, 09/11/1926, 60
UNNAMED, 09/12/1926, 60
UNNAMED, 09/12/1926, 60
UNNAMED, 09/12/1926, 65
UNNAMED, 09/12/1926, 70
UNNAMED, 09/13/1926, 70
UNNAMED, 09/13/1926, 75
UNNAMED, 09/13/1926, 75
UNNAMED, 09/13/1926, 80
UNNAMED, 09/14/1926, 85
UNNAMED, 09/14/1926, 85
UNNAMED, 09/14/1926, 90
UNNAMED, 09/14/1926, 90
UNNAMED, 09/15/1926, 95
UNNAMED, 09/15/1926, 100
UNNAMED, 09/15/1926, 100
UNNAMED, 09/15/1926, 105
UNNAMED, 09/16/1926, 110
UNNAMED, 09/16/1926, 120
UNNAMED, 09/16/1926, 125
UNNAMED, 09/16/1926, 130
UNNAMED, 09/17/1926, 130
UNNAMED, 09/17/1926, 130
UNNAMED, 09/17/1926, 125
UNNAMED, 09/17/1926, 125
UNNAMED, 09/18/1926, 125
UNNAMED, 09/18/1926, 125
UNNAMED, 09/18/1926, 125
UNNAMED, 09/18/1926, 90
UNNAMED, 09/19/1926, 100
UNNAMED, 09/19/1926, 105
UNNAMED, 09/19/1926, 105
UNNAMED, 09/19/1926, 105
UNNAMED, 09/20/1926, 110
UNNAMED, 09/20/1926, 110
UNNAMED, 09/20/1926, 105
UNNAMED, 09/20/1926, 100
UNNAMED, 09/20/1926, 100
UNNAMED, 09/21/1926, 80
UNNAMED, 09/21/1926, 65
UNNAMED, 09/21/1926, 60
UNNAMED, 09/21/1926, 50
UNNAMED, 09/22/1926, 40
UNNAMED, 09/22/1926, 30
UNNAMED, 09/22/1926, 25
UNNAMED, 08/07/1928, 30
UNNAMED, 08/07/1928, 30
UNNAMED, 08/08/1928, 35
UNNAMED, 08/08/1928, 40
UNNAMED, 08/08/1928, 40
UNNAMED, 08/08/1928, 45
UNNAMED, 08/09/1928, 50
UNNAMED, 08/09/1928, 55
UNNAMED, 08/09/1928, 60
UNNAMED, 08/09/1928, 65
UNNAMED, 08/10/1928, 70
UNNAMED, 08/10/1928, 75
UNNAMED, 08/10/1928, 80
UNNAMED, 08/10/1928, 80
UNNAMED, 08/11/1928, 80
UNNAMED, 08/11/1928, 75
UNNAMED, 08/11/1928, 70
UNNAMED, 08/11/1928, 65
UNNAMED, 08/12/1928, 60
UNNAMED, 08/12/1928, 55
UNNAMED, 08/12/1928, 50
UNNAMED, 08/12/1928, 50
UNNAMED, 08/13/1928, 60
UNNAMED, 08/13/1928, 60
UNNAMED, 08/13/1928, 60
UNNAMED, 08/13/1928, 55
UNNAMED, 08/13/1928, 55
UNNAMED, 08/14/1928, 50
UNNAMED, 08/14/1928, 50
UNNAMED, 08/14/1928, 45
UNNAMED, 08/14/1928, 45
UNNAMED, 08/14/1928, 40
UNNAMED, 08/15/1928, 35
UNNAMED, 08/15/1928, 35
UNNAMED, 08/15/1928, 30
UNNAMED, 08/15/1928, 30
UNNAMED, 08/16/1928, 30
UNNAMED, 08/16/1928, 30
UNNAMED, 08/16/1928, 25
UNNAMED, 08/16/1928, 25
UNNAMED, 08/17/1928, 25
UNNAMED, 08/17/1928, 20
UNNAMED, 08/26/1932, 30
UNNAMED, 08/27/1932, 30
UNNAMED, 08/27/1932, 30
UNNAMED, 08/27/1932, 30
UNNAMED, 08/27/1932, 35
UNNAMED, 08/28/1932, 35
UNNAMED, 08/28/1932, 40
UNNAMED, 08/28/1932, 40
UNNAMED, 08/28/1932, 40
UNNAMED, 08/29/1932, 45
UNNAMED, 08/29/1932, 50
UNNAMED, 08/29/1932, 50
UNNAMED, 08/29/1932, 55
UNNAMED, 08/30/1932, 55
UNNAMED, 08/30/1932, 55
UNNAMED, 08/30/1932, 55
UNNAMED, 08/30/1932, 50
UNNAMED, 08/30/1932, 55
UNNAMED, 08/31/1932, 65
UNNAMED, 08/31/1932, 70
UNNAMED, 08/31/1932, 70
UNNAMED, 08/31/1932, 70
UNNAMED, 09/01/1932, 75
UNNAMED, 09/01/1932, 75
UNNAMED, 09/01/1932, 75
UNNAMED, 09/01/1932, 60
UNNAMED, 09/01/1932, 50
UNNAMED, 09/02/1932, 40
UNNAMED, 09/02/1932, 35
UNNAMED, 09/02/1932, 30
UNNAMED, 09/02/1932, 30
UNNAMED, 09/03/1932, 30
UNNAMED, 09/03/1932, 30
UNNAMED, 09/03/1932, 30
UNNAMED, 09/03/1932, 35
UNNAMED, 09/04/1932, 40
UNNAMED, 09/04/1932, 45
UNNAMED, 09/04/1932, 45
UNNAMED, 09/04/1932, 45
UNNAMED, 10/07/1932, 30
UNNAMED, 10/07/1932, 30
UNNAMED, 10/07/1932, 35
UNNAMED, 10/07/1932, 35
UNNAMED, 10/08/1932, 35
UNNAMED, 10/08/1932, 35
UNNAMED, 10/08/1932, 35
UNNAMED, 10/08/1932, 40
UNNAMED, 10/09/1932, 45
UNNAMED, 10/09/1932, 50
UNNAMED, 10/09/1932, 55
UNNAMED, 10/09/1932, 60
UNNAMED, 10/10/1932, 60
UNNAMED, 10/10/1932, 50
UNNAMED, 10/10/1932, 40
UNNAMED, 10/10/1932, 35
UNNAMED, 10/11/1932, 35
UNNAMED, 10/11/1932, 35
UNNAMED, 10/11/1932, 30
UNNAMED, 10/11/1932, 30
UNNAMED, 10/12/1932, 30
UNNAMED, 10/12/1932, 30
UNNAMED, 10/12/1932, 30
UNNAMED, 10/12/1932, 30
UNNAMED, 10/13/1932, 30
UNNAMED, 10/13/1932, 30
UNNAMED, 10/13/1932, 35
UNNAMED, 10/13/1932, 35
UNNAMED, 10/14/1932, 40
UNNAMED, 10/14/1932, 40
UNNAMED, 10/14/1932, 40
UNNAMED, 10/14/1932, 45
UNNAMED, 10/15/1932, 45
UNNAMED, 10/15/1932, 50
UNNAMED, 10/15/1932, 50
UNNAMED, 10/15/1932, 50
UNNAMED, 10/16/1932, 50
UNNAMED, 10/16/1932, 45
UNNAMED, 10/16/1932, 40
UNNAMED, 10/16/1932, 40
UNNAMED, 10/17/1932, 35
UNNAMED, 10/17/1932, 35
UNNAMED, 10/17/1932, 35
UNNAMED, 10/17/1932, 35
UNNAMED, 10/18/1932, 35
UNNAMED, 10/18/1932, 35
UNNAMED, 10/18/1932, 35
UNNAMED, 10/01/1934, 25
UNNAMED, 10/01/1934, 25
UNNAMED, 10/02/1934, 25
UNNAMED, 10/02/1934, 25
UNNAMED, 10/02/1934, 30
UNNAMED, 10/02/1934, 30
UNNAMED, 10/03/1934, 35
UNNAMED, 10/03/1934, 35
UNNAMED, 10/03/1934, 35
UNNAMED, 10/03/1934, 40
UNNAMED, 10/04/1934, 40
UNNAMED, 10/04/1934, 45
UNNAMED, 10/04/1934, 45
UNNAMED, 10/04/1934, 45
UNNAMED, 10/05/1934, 45
UNNAMED, 10/05/1934, 50
UNNAMED, 10/05/1934, 50
UNNAMED, 10/05/1934, 50
UNNAMED, 10/06/1934, 45
UNNAMED, 10/06/1934, 45
UNNAMED, 10/06/1934, 35
UNNAMED, 10/06/1934, 30
UNNAMED, 10/06/1934, 30
UNNAMED, 07/27/1936, 30
UNNAMED, 07/27/1936, 30
UNNAMED, 07/27/1936, 35
UNNAMED, 07/28/1936, 35
UNNAMED, 07/28/1936, 40
UNNAMED, 07/28/1936, 45
UNNAMED, 07/28/1936, 50
UNNAMED, 07/29/1936, 55
UNNAMED, 07/29/1936, 55
UNNAMED, 07/29/1936, 50
UNNAMED, 07/29/1936, 55
UNNAMED, 07/29/1936, 55
UNNAMED, 07/30/1936, 60
UNNAMED, 07/30/1936, 60
UNNAMED, 07/30/1936, 65
UNNAMED, 07/30/1936, 70
UNNAMED, 07/31/1936, 80
UNNAMED, 07/31/1936, 85
UNNAMED, 07/31/1936, 90
UNNAMED, 07/31/1936, 90
UNNAMED, 07/31/1936, 70
UNNAMED, 08/01/1936, 50
UNNAMED, 08/01/1936, 40
UNNAMED, 08/01/1936, 30
UNNAMED, 08/20/1936, 25
UNNAMED, 08/20/1936, 25
UNNAMED, 08/20/1936, 30
UNNAMED, 08/21/1936, 35
UNNAMED, 08/21/1936, 40
UNNAMED, 08/21/1936, 45
UNNAMED, 08/21/1936, 50
UNNAMED, 08/21/1936, 50
UNNAMED, 08/22/1936, 45
UNNAMED, 08/22/1936, 35
UNNAMED, 08/22/1936, 30
UNNAMED, 08/22/1936, 25
UNNAMED, 08/23/1936, 25
UNNAMED, 08/23/1936, 25
UNNAMED, 08/24/1937, 30
UNNAMED, 08/24/1937, 30
UNNAMED, 08/25/1937, 35
UNNAMED, 08/25/1937, 35
UNNAMED, 08/25/1937, 35
UNNAMED, 08/25/1937, 35
UNNAMED, 08/26/1937, 35
UNNAMED, 08/26/1937, 35
UNNAMED, 08/26/1937, 35
UNNAMED, 08/26/1937, 35
UNNAMED, 08/27/1937, 35
UNNAMED, 08/27/1937, 35
UNNAMED, 08/27/1937, 35
UNNAMED, 08/27/1937, 35
UNNAMED, 08/28/1937, 35
UNNAMED, 08/28/1937, 35
UNNAMED, 08/28/1937, 40
UNNAMED, 08/28/1937, 40
UNNAMED, 08/29/1937, 40
UNNAMED, 08/29/1937, 40
UNNAMED, 08/29/1937, 45
UNNAMED, 08/29/1937, 45
UNNAMED, 08/30/1937, 50
UNNAMED, 08/30/1937, 55
UNNAMED, 08/30/1937, 60
UNNAMED, 08/30/1937, 60
UNNAMED, 08/30/1937, 50
UNNAMED, 08/31/1937, 45
UNNAMED, 08/31/1937, 40
UNNAMED, 08/31/1937, 35
UNNAMED, 08/31/1937, 35
UNNAMED, 09/01/1937, 30
UNNAMED, 09/01/1937, 30
UNNAMED, 09/01/1937, 25
UNNAMED, 09/01/1937, 25
UNNAMED, 09/02/1937, 20
UNNAMED, 09/02/1937, 20
UNNAMED, 09/02/1937, 20
UNNAMED, 09/02/1937, 20
UNNAMED, 06/12/1939, 30
UNNAMED, 06/12/1939, 35
UNNAMED, 06/12/1939, 40
UNNAMED, 06/13/1939, 45
UNNAMED, 06/13/1939, 55
UNNAMED, 06/13/1939, 55
UNNAMED, 06/13/1939, 55
UNNAMED, 06/14/1939, 55
UNNAMED, 06/14/1939, 50
UNNAMED, 06/14/1939, 50
UNNAMED, 06/14/1939, 50
UNNAMED, 06/15/1939, 50
UNNAMED, 06/15/1939, 50
UNNAMED, 06/15/1939, 50
UNNAMED, 06/15/1939, 50
UNNAMED, 06/16/1939, 50
UNNAMED, 06/16/1939, 50
UNNAMED, 06/16/1939, 50
UNNAMED, 06/16/1939, 50
UNNAMED, 06/16/1939, 35
UNNAMED, 06/17/1939, 30
UNNAMED, 06/17/1939, 25
UNNAMED, 06/17/1939, 25
UNNAMED, 06/17/1939, 25
UNNAMED, 06/18/1939, 20
UNNAMED, 06/18/1939, 20
UNNAMED, 06/18/1939, 20
UNNAMED, 06/18/1939, 20
UNNAMED, 08/07/1939, 30
UNNAMED, 08/08/1939, 30
UNNAMED, 08/08/1939, 30
UNNAMED, 08/08/1939, 30
UNNAMED, 08/08/1939, 30
UNNAMED, 08/09/1939, 35
UNNAMED, 08/09/1939, 35
UNNAMED, 08/09/1939, 40
UNNAMED, 08/09/1939, 40
UNNAMED, 08/10/1939, 45
UNNAMED, 08/10/1939, 45
UNNAMED, 08/10/1939, 50
UNNAMED, 08/10/1939, 55
UNNAMED, 08/11/1939, 55
UNNAMED, 08/11/1939, 60
UNNAMED, 08/11/1939, 65
UNNAMED, 08/11/1939, 65
UNNAMED, 08/11/1939, 65
UNNAMED, 08/12/1939, 65
UNNAMED, 08/12/1939, 50
UNNAMED, 08/12/1939, 55
UNNAMED, 08/12/1939, 65
UNNAMED, 08/13/1939, 65
UNNAMED, 08/13/1939, 65
UNNAMED, 08/13/1939, 50
UNNAMED, 08/13/1939, 40
UNNAMED, 08/14/1939, 35
UNNAMED, 08/14/1939, 30
UNNAMED, 08/14/1939, 30
UNNAMED, 08/14/1939, 30
UNNAMED, 08/15/1939, 30
UNNAMED, 08/15/1939, 30
UNNAMED, 08/15/1939, 30
UNNAMED, 08/15/1939, 30
UNNAMED, 08/16/1939, 30
UNNAMED, 08/16/1939, 30
UNNAMED, 08/16/1939, 30
UNNAMED, 08/16/1939, 30
UNNAMED, 08/17/1939, 30
UNNAMED, 08/17/1939, 30
UNNAMED, 08/17/1939, 25
UNNAMED, 08/17/1939, 25
UNNAMED, 08/18/1939, 25
UNNAMED, 08/18/1939, 25
UNNAMED, 08/18/1939, 25
UNNAMED, 08/18/1939, 25
UNNAMED, 08/19/1939, 30
UNNAMED, 08/19/1939, 30
UNNAMED, 08/19/1939, 30
UNNAMED, 08/19/1939, 30
UNNAMED, 09/23/1939, 35
UNNAMED, 09/23/1939, 35
UNNAMED, 09/23/1939, 35
UNNAMED, 09/23/1939, 35
UNNAMED, 09/24/1939, 35
UNNAMED, 09/24/1939, 35
UNNAMED, 09/24/1939, 35
UNNAMED, 09/24/1939, 35
UNNAMED, 09/25/1939, 35
UNNAMED, 09/25/1939, 40
UNNAMED, 09/25/1939, 40
UNNAMED, 09/25/1939, 40
UNNAMED, 09/26/1939, 45
UNNAMED, 09/26/1939, 45
UNNAMED, 09/26/1939, 45
UNNAMED, 09/26/1939, 45
UNNAMED, 09/26/1939, 40
UNNAMED, 09/27/1939, 30
UNNAMED, 09/27/1939, 25
UNNAMED, 09/09/1944, 25
UNNAMED, 09/09/1944, 30
UNNAMED, 09/09/1944, 35
UNNAMED, 09/09/1944, 40
UNNAMED, 09/10/1944, 45
UNNAMED, 09/10/1944, 45
UNNAMED, 09/10/1944, 50
UNNAMED, 09/10/1944, 55
UNNAMED, 09/10/1944, 55
UNNAMED, 09/10/1944, 50
UNNAMED, 09/11/1944, 40
UNNAMED, 09/11/1944, 30
UNNAMED, 09/11/1944, 25
UNNAMED, 09/07/1947, 25
UNNAMED, 09/07/1947, 25
UNNAMED, 09/07/1947, 30
UNNAMED, 09/07/1947, 35
UNNAMED, 09/08/1947, 40
UNNAMED, 09/08/1947, 50
UNNAMED, 09/08/1947, 45
UNNAMED, 09/08/1947, 45
UNNAMED, 09/08/1947, 35
UNNAMED, 09/09/1947, 25
UNNAMED, 10/08/1947, 25
UNNAMED, 10/09/1947, 25
UNNAMED, 10/09/1947, 30
UNNAMED, 10/09/1947, 30
UNNAMED, 10/09/1947, 35
UNNAMED, 10/10/1947, 40
UNNAMED, 10/10/1947, 40
UNNAMED, 10/10/1947, 45
UNNAMED, 10/10/1947, 50
UNNAMED, 10/11/1947, 55
UNNAMED, 10/11/1947, 55
UNNAMED, 10/11/1947, 55
UNNAMED, 10/11/1947, 60
UNNAMED, 10/11/1947, 75
UNNAMED, 10/12/1947, 80
UNNAMED, 10/12/1947, 80
UNNAMED, 10/12/1947, 70
UNNAMED, 10/12/1947, 70
UNNAMED, 10/12/1947, 65
UNNAMED, 10/13/1947, 60
UNNAMED, 10/13/1947, 60
UNNAMED, 10/13/1947, 65
UNNAMED, 10/13/1947, 70
UNNAMED, 10/14/1947, 70
UNNAMED, 10/14/1947, 75
UNNAMED, 10/14/1947, 75
UNNAMED, 10/14/1947, 80
UNNAMED, 10/15/1947, 85
UNNAMED, 10/15/1947, 90
UNNAMED, 10/15/1947, 90
UNNAMED, 10/15/1947, 90
UNNAMED, 10/15/1947, 55
UNNAMED, 10/16/1947, 40
UNNAMED, 10/16/1947, 30
UNNAMED, 10/16/1947, 25
UNNAMED, 10/16/1947, 25
UNNAMED, 07/07/1948, 30
UNNAMED, 07/08/1948, 30
UNNAMED, 07/08/1948, 30
UNNAMED, 07/08/1948, 30
UNNAMED, 07/08/1948, 30
UNNAMED, 07/09/1948, 35
UNNAMED, 07/09/1948, 35
UNNAMED, 07/09/1948, 35
UNNAMED, 07/09/1948, 35
UNNAMED, 07/09/1948, 30
UNNAMED, 07/10/1948, 30
UNNAMED, 07/10/1948, 30
UNNAMED, 07/10/1948, 25
UNNAMED, 07/10/1948, 25
UNNAMED, 07/11/1948, 20
UNNAMED, 07/11/1948, 20
UNNAMED, 07/11/1948, 15
UNNAMED, 07/11/1948, 15
BAKER, 08/18/1950, 30
BAKER, 08/18/1950, 30
BAKER, 08/19/1950, 30
BAKER, 08/19/1950, 30
BAKER, 08/19/1950, 35
BAKER, 08/19/1950, 40
BAKER, 08/20/1950, 45
BAKER, 08/20/1950, 50
BAKER, 08/20/1950, 55
BAKER, 08/20/1950, 60
BAKER, 08/21/1950, 65
BAKER, 08/21/1950, 70
BAKER, 08/21/1950, 70
BAKER, 08/21/1950, 75
BAKER, 08/22/1950, 85
BAKER, 08/22/1950, 75
BAKER, 08/22/1950, 60
BAKER, 08/22/1950, 45
BAKER, 08/23/1950, 45
BAKER, 08/23/1950, 40
BAKER, 08/23/1950, 35
BAKER, 08/23/1950, 30
BAKER, 08/24/1950, 30
BAKER, 08/24/1950, 25
BAKER, 08/24/1950, 30
BAKER, 08/24/1950, 40
BAKER, 08/25/1950, 45
BAKER, 08/25/1950, 45
BAKER, 08/25/1950, 35
BAKER, 08/25/1950, 30
BAKER, 08/26/1950, 35
BAKER, 08/26/1950, 45
BAKER, 08/26/1950, 45
BAKER, 08/26/1950, 50
BAKER, 08/27/1950, 50
BAKER, 08/27/1950, 45
BAKER, 08/27/1950, 50
BAKER, 08/27/1950, 55
BAKER, 08/28/1950, 55
BAKER, 08/28/1950, 55
BAKER, 08/28/1950, 55
BAKER, 08/28/1950, 55
BAKER, 08/29/1950, 65
BAKER, 08/29/1950, 75
BAKER, 08/29/1950, 80
BAKER, 08/29/1950, 85
BAKER, 08/30/1950, 90
BAKER, 08/30/1950, 90
BAKER, 08/30/1950, 90
BAKER, 08/30/1950, 85
BAKER, 08/31/1950, 75
BAKER, 08/31/1950, 75
BAKER, 08/31/1950, 75
BAKER, 08/31/1950, 60
BAKER, 08/31/1950, 40
BAKER, 08/31/1950, 35
BAKER, 09/01/1950, 25
BAKER, 09/01/1950, 20
BAKER, 09/01/1950, 15
BAKER, 09/01/1950, 15
EASY, 09/01/1950, 40
EASY, 09/01/1950, 45
EASY, 09/01/1950, 50
EASY, 09/02/1950, 50
EASY, 09/02/1950, 55
EASY, 09/02/1950, 55
EASY, 09/02/1950, 55
EASY, 09/03/1950, 70
EASY, 09/03/1950, 70
EASY, 09/03/1950, 80
EASY, 09/03/1950, 80
EASY, 09/03/1950, 75
EASY, 09/03/1950, 75
EASY, 09/04/1950, 80
EASY, 09/04/1950, 85
EASY, 09/04/1950, 85
EASY, 09/04/1950, 85
EASY, 09/05/1950, 95
EASY, 09/05/1950, 105
EASY, 09/05/1950, 105
EASY, 09/05/1950, 105
EASY, 09/05/1950, 105
EASY, 09/06/1950, 95
EASY, 09/06/1950, 90
EASY, 09/06/1950, 75
EASY, 09/06/1950, 60
EASY, 09/06/1950, 40
EASY, 09/07/1950, 40
EASY, 09/07/1950, 35
EASY, 09/07/1950, 30
EASY, 09/07/1950, 25
EASY, 09/08/1950, 25
EASY, 09/08/1950, 20
EASY, 09/08/1950, 20
EASY, 09/08/1950, 20
EASY, 09/09/1950, 20
EASY, 09/09/1950, 20
EASY, 09/09/1950, 20
EASY, 09/09/1950, 20
KING, 10/13/1950, 25
KING, 10/13/1950, 25
KING, 10/13/1950, 25
KING, 10/14/1950, 30
KING, 10/14/1950, 30
KING, 10/14/1950, 30
KING, 10/14/1950, 35
KING, 10/15/1950, 40
KING, 10/15/1950, 45
KING, 10/15/1950, 50
KING, 10/15/1950, 55
KING, 10/16/1950, 65
KING, 10/16/1950, 70
KING, 10/16/1950, 75
KING, 10/16/1950, 80
KING, 10/16/1950, 80
KING, 10/17/1950, 75
KING, 10/17/1950, 65
KING, 10/17/1950, 70
KING, 10/17/1950, 90
KING, 10/18/1950, 105
KING, 10/18/1950, 115
KING, 10/18/1950, 115
KING, 10/18/1950, 80
KING, 10/18/1950, 70
KING, 10/19/1950, 65
KING, 10/19/1950, 45
KING, 10/19/1950, 35
KING, 10/19/1950, 25
KING, 10/20/1950, 20
KING, 10/20/1950, 20
ALICE, 05/25/1953, 25
ALICE, 05/26/1953, 30
ALICE, 05/26/1953, 30
ALICE, 05/26/1953, 35
ALICE, 05/26/1953, 35
ALICE, 05/27/1953, 35
ALICE, 05/27/1953, 30
ALICE, 05/27/1953, 25
ALICE, 05/27/1953, 25
ALICE, 05/28/1953, 25
ALICE, 05/28/1953, 25
ALICE, 05/28/1953, 30
ALICE, 05/28/1953, 30
ALICE, 05/29/1953, 30
ALICE, 05/29/1953, 30
ALICE, 05/29/1953, 30
ALICE, 05/29/1953, 35
ALICE, 05/30/1953, 35
ALICE, 05/30/1953, 35
ALICE, 05/30/1953, 40
ALICE, 05/30/1953, 40
ALICE, 05/31/1953, 45
ALICE, 05/31/1953, 45
ALICE, 05/31/1953, 45
ALICE, 05/31/1953, 45
ALICE, 05/31/1953, 40
ALICE, 06/01/1953, 45
ALICE, 06/01/1953, 45
ALICE, 06/01/1953, 50
ALICE, 06/01/1953, 50
ALICE, 06/02/1953, 50
ALICE, 06/02/1953, 50
ALICE, 06/02/1953, 45
ALICE, 06/02/1953, 40
ALICE, 06/03/1953, 40
ALICE, 06/03/1953, 40
ALICE, 06/03/1953, 40
ALICE, 06/03/1953, 40
ALICE, 06/04/1953, 40
ALICE, 06/04/1953, 45
ALICE, 06/04/1953, 50
ALICE, 06/04/1953, 50
ALICE, 06/05/1953, 55
ALICE, 06/05/1953, 55
ALICE, 06/05/1953, 60
ALICE, 06/05/1953, 60
ALICE, 06/06/1953, 55
ALICE, 06/06/1953, 50
ALICE, 06/06/1953, 45
ALICE, 06/06/1953, 40
ALICE, 06/06/1953, 40
ALICE, 06/07/1953, 25
ALICE, 06/07/1953, 20
DEBBIE, 09/07/1957, 35
DEBBIE, 09/07/1957, 35
DEBBIE, 09/07/1957, 35
DEBBIE, 09/08/1957, 35
DEBBIE, 09/08/1957, 35
DEBBIE, 09/08/1957, 35
DEBBIE, 09/08/1957, 35
DEBBIE, 09/08/1957, 35
DEBBIE, 09/09/1957, 30
DEBBIE, 09/09/1957, 25
ARLENE, 05/28/1959, 25
ARLENE, 05/28/1959, 30
ARLENE, 05/28/1959, 30
ARLENE, 05/29/1959, 35
ARLENE, 05/29/1959, 40
ARLENE, 05/29/1959, 45
ARLENE, 05/29/1959, 45
ARLENE, 05/30/1959, 45
ARLENE, 05/30/1959, 45
ARLENE, 05/30/1959, 50
ARLENE, 05/30/1959, 55
ARLENE, 05/30/1959, 55
ARLENE, 05/31/1959, 55
ARLENE, 05/31/1959, 40
ARLENE, 05/31/1959, 30
ARLENE, 05/31/1959, 25
ARLENE, 06/01/1959, 25
ARLENE, 06/01/1959, 25
ARLENE, 06/01/1959, 25
ARLENE, 06/01/1959, 25
ARLENE, 06/02/1959, 20
ARLENE, 06/02/1959, 20
ARLENE, 06/02/1959, 20
ARLENE, 06/02/1959, 20
IRENE, 10/06/1959, 30
IRENE, 10/07/1959, 30
IRENE, 10/07/1959, 30
IRENE, 10/07/1959, 35
IRENE, 10/07/1959, 35
IRENE, 10/08/1959, 35
IRENE, 10/08/1959, 40
IRENE, 10/08/1959, 40
IRENE, 10/08/1959, 40
IRENE, 10/08/1959, 30
IRENE, 10/09/1959, 25
IRENE, 10/09/1959, 20
IRENE, 10/09/1959, 20
ETHEL, 09/12/1960, 25
ETHEL, 09/13/1960, 25
ETHEL, 09/13/1960, 30
ETHEL, 09/13/1960, 35
ETHEL, 09/13/1960, 40
ETHEL, 09/14/1960, 45
ETHEL, 09/14/1960, 60
ETHEL, 09/14/1960, 80
ETHEL, 09/14/1960, 100
ETHEL, 09/15/1960, 100
ETHEL, 09/15/1960, 80
ETHEL, 09/15/1960, 75
ETHEL, 09/15/1960, 70
ETHEL, 09/15/1960, 70
ETHEL, 09/16/1960, 55
ETHEL, 09/16/1960, 40
ETHEL, 09/16/1960, 30
ETHEL, 09/16/1960, 25
ETHEL, 09/17/1960, 25
ETHEL, 09/17/1960, 20
ETHEL, 09/17/1960, 20
ETHEL, 09/17/1960, 20
FLORENCE, 09/17/1960, 25
FLORENCE, 09/17/1960, 25
FLORENCE, 09/17/1960, 30
FLORENCE, 09/18/1960, 35
FLORENCE, 09/18/1960, 40
FLORENCE, 09/18/1960, 45
FLORENCE, 09/18/1960, 40
FLORENCE, 09/19/1960, 40
FLORENCE, 09/19/1960, 40
FLORENCE, 09/19/1960, 35
FLORENCE, 09/19/1960, 35
FLORENCE, 09/19/1960, 30
FLORENCE, 09/20/1960, 30
FLORENCE, 09/20/1960, 25
FLORENCE, 09/20/1960, 25
FLORENCE, 09/20/1960, 25
FLORENCE, 09/21/1960, 25
FLORENCE, 09/21/1960, 25
FLORENCE, 09/21/1960, 25
FLORENCE, 09/21/1960, 25
FLORENCE, 09/22/1960, 25
FLORENCE, 09/22/1960, 25
FLORENCE, 09/22/1960, 25
FLORENCE, 09/22/1960, 25
FLORENCE, 09/23/1960, 25
FLORENCE, 09/23/1960, 25
FLORENCE, 09/23/1960, 25
FLORENCE, 09/23/1960, 30
FLORENCE, 09/24/1960, 35
FLORENCE, 09/24/1960, 50
FLORENCE, 09/24/1960, 50
FLORENCE, 09/24/1960, 40
FLORENCE, 09/25/1960, 30
FLORENCE, 09/25/1960, 25
FLORENCE, 09/25/1960, 25
FLORENCE, 09/25/1960, 25
FLORENCE, 09/26/1960, 25
FLORENCE, 09/26/1960, 20
FLORENCE, 09/26/1960, 20
FLORENCE, 09/26/1960, 20
HILDA, 09/28/1964, 15
HILDA, 09/28/1964, 20
HILDA, 09/29/1964, 20
HILDA, 09/29/1964, 25
HILDA, 09/29/1964, 35
HILDA, 09/29/1964, 40
HILDA, 09/30/1964, 50
HILDA, 09/30/1964, 60
HILDA, 09/30/1964, 70
HILDA, 09/30/1964, 80
HILDA, 10/01/1964, 95
HILDA, 10/01/1964, 110
HILDA, 10/01/1964, 120
HILDA, 10/01/1964, 130
HILDA, 10/02/1964, 130
HILDA, 10/02/1964, 125
HILDA, 10/02/1964, 120
HILDA, 10/02/1964, 115
HILDA, 10/03/1964, 110
HILDA, 10/03/1964, 105
HILDA, 10/03/1964, 100
HILDA, 10/03/1964, 100
HILDA, 10/04/1964, 95
HILDA, 10/04/1964, 60
HILDA, 10/04/1964, 60
HILDA, 10/04/1964, 60
HILDA, 10/05/1964, 50
HILDA, 10/05/1964, 40
HILDA, 10/05/1964, 35
HILDA, 10/05/1964, 35
UNNAMED, 09/29/1969, 30
UNNAMED, 09/29/1969, 45
UNNAMED, 09/30/1969, 50
UNNAMED, 09/30/1969, 50
UNNAMED, 09/30/1969, 50
UNNAMED, 09/30/1969, 50
UNNAMED, 10/01/1969, 50
UNNAMED, 10/01/1969, 40
UNNAMED, 10/01/1969, 30
UNNAMED, 10/01/1969, 25
EDITH, 09/05/1971, 25
EDITH, 09/06/1971, 30
EDITH, 09/06/1971, 30
EDITH, 09/06/1971, 30
EDITH, 09/06/1971, 25
EDITH, 09/07/1971, 25
EDITH, 09/07/1971, 25
EDITH, 09/07/1971, 35
EDITH, 09/07/1971, 45
EDITH, 09/08/1971, 60
EDITH, 09/08/1971, 65
EDITH, 09/08/1971, 65
EDITH, 09/08/1971, 75
EDITH, 09/09/1971, 90
EDITH, 09/09/1971, 105
EDITH, 09/09/1971, 120
EDITH, 09/09/1971, 140
EDITH, 09/10/1971, 100
EDITH, 09/10/1971, 80
EDITH, 09/10/1971, 70
EDITH, 09/10/1971, 65
EDITH, 09/11/1971, 60
EDITH, 09/11/1971, 60
EDITH, 09/11/1971, 45
EDITH, 09/11/1971, 35
EDITH, 09/12/1971, 35
EDITH, 09/12/1971, 35
EDITH, 09/12/1971, 35
EDITH, 09/12/1971, 35
EDITH, 09/13/1971, 35
EDITH, 09/13/1971, 45
EDITH, 09/13/1971, 40
EDITH, 09/13/1971, 40
EDITH, 09/14/1971, 45
EDITH, 09/14/1971, 45
EDITH, 09/14/1971, 45
EDITH, 09/14/1971, 45
EDITH, 09/15/1971, 45
EDITH, 09/15/1971, 45
EDITH, 09/15/1971, 50
EDITH, 09/15/1971, 65
EDITH, 09/16/1971, 70
EDITH, 09/16/1971, 80
EDITH, 09/16/1971, 85
EDITH, 09/16/1971, 60
EDITH, 09/17/1971, 40
EDITH, 09/17/1971, 30
EDITH, 09/17/1971, 25
EDITH, 09/17/1971, 25
EDITH, 09/18/1971, 25
EDITH, 09/18/1971, 25
ELOISE, 09/13/1975, 25
ELOISE, 09/13/1975, 25
ELOISE, 09/13/1975, 25
ELOISE, 09/14/1975, 25
ELOISE, 09/14/1975, 25
ELOISE, 09/14/1975, 25
ELOISE, 09/14/1975, 25
ELOISE, 09/15/1975, 25
ELOISE, 09/15/1975, 25
ELOISE, 09/15/1975, 30
ELOISE, 09/15/1975, 30
ELOISE, 09/16/1975, 35
ELOISE, 09/16/1975, 45
ELOISE, 09/16/1975, 55
ELOISE, 09/16/1975, 65
ELOISE, 09/17/1975, 65
ELOISE, 09/17/1975, 60
ELOISE, 09/17/1975, 55
ELOISE, 09/17/1975, 50
ELOISE, 09/18/1975, 45
ELOISE, 09/18/1975, 45
ELOISE, 09/18/1975, 40
ELOISE, 09/18/1975, 40
ELOISE, 09/19/1975, 35
ELOISE, 09/19/1975, 35
ELOISE, 09/19/1975, 35
ELOISE, 09/19/1975, 35
ELOISE, 09/20/1975, 35
ELOISE, 09/20/1975, 35
ELOISE, 09/20/1975, 35
ELOISE, 09/20/1975, 35
ELOISE, 09/21/1975, 40
ELOISE, 09/21/1975, 45
ELOISE, 09/21/1975, 50
ELOISE, 09/21/1975, 55
ELOISE, 09/22/1975, 60
ELOISE, 09/22/1975, 65
ELOISE, 09/22/1975, 75
ELOISE, 09/22/1975, 85
ELOISE, 09/23/1975, 95
ELOISE, 09/23/1975, 105
ELOISE, 09/23/1975, 110
ELOISE, 09/23/1975, 55
ELOISE, 09/24/1975, 30
ELOISE, 09/24/1975, 20
ELOISE, 09/24/1975, 20
ELOISE, 09/24/1975, 20
UNNAMED, 07/18/1977, 20
UNNAMED, 07/18/1977, 25
UNNAMED, 07/18/1977, 30
UNNAMED, 07/19/1977, 30
UNNAMED, 07/19/1977, 25
UNNAMED, 07/19/1977, -99
BABE, 09/03/1977, 25
BABE, 09/03/1977, 30
BABE, 09/03/1977, 35
BABE, 09/04/1977, 35
BABE, 09/04/1977, 40
BABE, 09/04/1977, 45
BABE, 09/04/1977, 50
BABE, 09/05/1977, 60
BABE, 09/05/1977, 65
BABE, 09/05/1977, 65
BABE, 09/05/1977, 50
BABE, 09/06/1977, 30
BABE, 09/06/1977, 30
BABE, 09/06/1977, 30
BABE, 09/06/1977, 25
BABE, 09/07/1977, 25
BABE, 09/07/1977, 25
BABE, 09/07/1977, 25
BABE, 09/07/1977, 25
BABE, 09/08/1977, 25
BABE, 09/08/1977, 25
BABE, 09/08/1977, 25
BABE, 09/08/1977, 25
BABE, 09/09/1977, 25
FREDERIC, 08/29/1979, 25
FREDERIC, 08/29/1979, 30
FREDERIC, 08/29/1979, 30
FREDERIC, 08/30/1979, 30
FREDERIC, 08/30/1979, 30
FREDERIC, 08/30/1979, 35
FREDERIC, 08/30/1979, 40
FREDERIC, 08/31/1979, 45
FREDERIC, 08/31/1979, 50
FREDERIC, 08/31/1979, 55
FREDERIC, 08/31/1979, 55
FREDERIC, 09/01/1979, 60
FREDERIC, 09/01/1979, 65
FREDERIC, 09/01/1979, 65
FREDERIC, 09/01/1979, 65
FREDERIC, 09/02/1979, 60
FREDERIC, 09/02/1979, 60
FREDERIC, 09/02/1979, 60
FREDERIC, 09/02/1979, 55
FREDERIC, 09/03/1979, 55
FREDERIC, 09/03/1979, 55
FREDERIC, 09/03/1979, 50
FREDERIC, 09/03/1979, 50
FREDERIC, 09/04/1979, 50
FREDERIC, 09/04/1979, 45
FREDERIC, 09/04/1979, 45
FREDERIC, 09/04/1979, 45
FREDERIC, 09/05/1979, 45
FREDERIC, 09/05/1979, 45
FREDERIC, 09/05/1979, 40
FREDERIC, 09/05/1979, 40
FREDERIC, 09/06/1979, 40
FREDERIC, 09/06/1979, 35
FREDERIC, 09/06/1979, 35
FREDERIC, 09/06/1979, 30
FREDERIC, 09/07/1979, 30
FREDERIC, 09/07/1979, 25
FREDERIC, 09/07/1979, 25
FREDERIC, 09/07/1979, 25
FREDERIC, 09/08/1979, 30
FREDERIC, 09/08/1979, 30
FREDERIC, 09/08/1979, 30
FREDERIC, 09/08/1979, 30
FREDERIC, 09/09/1979, 35
FREDERIC, 09/09/1979, 40
FREDERIC, 09/09/1979, 45
FREDERIC, 09/09/1979, 50
FREDERIC, 09/10/1979, 55
FREDERIC, 09/10/1979, 60
FREDERIC, 09/10/1979, 65
FREDERIC, 09/10/1979, 70
FREDERIC, 09/11/1979, 75
FREDERIC, 09/11/1979, 80
FREDERIC, 09/11/1979, 85
FREDERIC, 09/11/1979, 95
FREDERIC, 09/12/1979, 100
FREDERIC, 09/12/1979, 110
FREDERIC, 09/12/1979, 115
FREDERIC, 09/12/1979, 115
FREDERIC, 09/13/1979, 115
FREDERIC, 09/13/1979, 95
FREDERIC, 09/13/1979, 65
FREDERIC, 09/13/1979, 45
FREDERIC, 09/14/1979, 40
FREDERIC, 09/14/1979, 35
FREDERIC, 09/14/1979, 35
FREDERIC, 09/14/1979, 30
FREDERIC, 09/15/1979, 30
DANNY, 08/12/1985, 25
DANNY, 08/12/1985, 25
DANNY, 08/12/1985, 25
DANNY, 08/12/1985, 25
DANNY, 08/13/1985, 25
DANNY, 08/13/1985, 25
DANNY, 08/13/1985, 30
DANNY, 08/13/1985, 30
DANNY, 08/14/1985, 35
DANNY, 08/14/1985, 45
DANNY, 08/14/1985, 50
DANNY, 08/14/1985, 60
DANNY, 08/15/1985, 70
DANNY, 08/15/1985, 75
DANNY, 08/15/1985, 80
DANNY, 08/15/1985, 80
DANNY, 08/15/1985, 70
DANNY, 08/16/1985, 50
DANNY, 08/16/1985, 40
DANNY, 08/16/1985, 30
DANNY, 08/16/1985, 30
DANNY, 08/17/1985, 30
DANNY, 08/17/1985, 30
DANNY, 08/17/1985, 30
DANNY, 08/17/1985, 30
DANNY, 08/18/1985, 25
DANNY, 08/18/1985, 25
DANNY, 08/18/1985, 25
DANNY, 08/18/1985, 25
DANNY, 08/19/1985, 25
DANNY, 08/19/1985, 25
DANNY, 08/19/1985, 25
DANNY, 08/19/1985, 25
DANNY, 08/20/1985, 20
DANNY, 08/20/1985, 20
DANNY, 08/20/1985, 20
DANNY, 08/20/1985, 20
JUAN, 10/26/1985, 30
JUAN, 10/26/1985, 30
JUAN, 10/26/1985, 35
JUAN, 10/26/1985, 40
JUAN, 10/27/1985, 45
JUAN, 10/27/1985, 50
JUAN, 10/27/1985, 55
JUAN, 10/27/1985, 60
JUAN, 10/28/1985, 65
JUAN, 10/28/1985, 70
JUAN, 10/28/1985, 75
JUAN, 10/28/1985, 75
JUAN, 10/29/1985, 75
JUAN, 10/29/1985, 70
JUAN, 10/29/1985, 65
JUAN, 10/29/1985, 65
JUAN, 10/29/1985, 60
JUAN, 10/30/1985, 60
JUAN, 10/30/1985, 55
JUAN, 10/30/1985, 55
JUAN, 10/30/1985, 55
JUAN, 10/31/1985, 55
JUAN, 10/31/1985, 55
JUAN, 10/31/1985, 60
JUAN, 10/31/1985, 55
JUAN, 11/01/1985, 40
JUAN, 11/01/1985, 35
JUAN, 11/01/1985, 30
JUAN, 11/01/1985, 25
UNNAMED, 08/09/1987, 30
UNNAMED, 08/09/1987, 35
UNNAMED, 08/10/1987, 40
UNNAMED, 08/10/1987, 40
UNNAMED, 08/10/1987, 40
UNNAMED, 08/10/1987, 30
UNNAMED, 08/11/1987, 25
UNNAMED, 08/11/1987, 25
UNNAMED, 08/11/1987, 25
UNNAMED, 08/11/1987, 25
UNNAMED, 08/12/1987, 25
UNNAMED, 08/12/1987, 25
UNNAMED, 08/12/1987, 25
UNNAMED, 08/12/1987, 20
UNNAMED, 08/13/1987, 20
UNNAMED, 08/13/1987, 20
UNNAMED, 08/13/1987, 20
UNNAMED, 08/13/1987, 15
UNNAMED, 08/14/1987, 15
UNNAMED, 08/14/1987, 15
UNNAMED, 08/14/1987, 15
UNNAMED, 08/14/1987, 15
UNNAMED, 08/15/1987, 15
UNNAMED, 08/15/1987, 15
UNNAMED, 08/15/1987, 15
UNNAMED, 08/15/1987, 15
UNNAMED, 08/16/1987, 15
UNNAMED, 08/16/1987, 15
UNNAMED, 08/16/1987, 15
UNNAMED, 08/16/1987, 10
UNNAMED, 08/17/1987, 10
UNNAMED, 08/17/1987, 10
ANDREW, 08/16/1992, 25
ANDREW, 08/17/1992, 30
ANDREW, 08/17/1992, 30
ANDREW, 08/17/1992, 35
ANDREW, 08/17/1992, 35
ANDREW, 08/18/1992, 40
ANDREW, 08/18/1992, 45
ANDREW, 08/18/1992, 45
ANDREW, 08/18/1992, 45
ANDREW, 08/19/1992, 45
ANDREW, 08/19/1992, 45
ANDREW, 08/19/1992, 45
ANDREW, 08/19/1992, 45
ANDREW, 08/20/1992, 40
ANDREW, 08/20/1992, 40
ANDREW, 08/20/1992, 40
ANDREW, 08/20/1992, 40
ANDREW, 08/21/1992, 45
ANDREW, 08/21/1992, 45
ANDREW, 08/21/1992, 50
ANDREW, 08/21/1992, 50
ANDREW, 08/22/1992, 55
ANDREW, 08/22/1992, 65
ANDREW, 08/22/1992, 80
ANDREW, 08/22/1992, 95
ANDREW, 08/23/1992, 110
ANDREW, 08/23/1992, 130
ANDREW, 08/23/1992, 145
ANDREW, 08/23/1992, 150
ANDREW, 08/23/1992, 140
ANDREW, 08/24/1992, 125
ANDREW, 08/24/1992, 130
ANDREW, 08/24/1992, 130
ANDREW, 08/24/1992, 145
ANDREW, 08/24/1992, 145
ANDREW, 08/24/1992, 115
ANDREW, 08/24/1992, 115
ANDREW, 08/25/1992, 115
ANDREW, 08/25/1992, 115
ANDREW, 08/25/1992, 120
ANDREW, 08/25/1992, 125
ANDREW, 08/26/1992, 125
ANDREW, 08/26/1992, 120
ANDREW, 08/26/1992, 100
ANDREW, 08/26/1992, 80
ANDREW, 08/26/1992, 50
ANDREW, 08/27/1992, 35
ANDREW, 08/27/1992, 30
ANDREW, 08/27/1992, 30
ANDREW, 08/27/1992, 25
ANDREW, 08/28/1992, 20
ANDREW, 08/28/1992, 20
ALBERTO, 06/30/1994, 25
ALBERTO, 06/30/1994, 25
ALBERTO, 06/30/1994, 30
ALBERTO, 07/01/1994, 30
ALBERTO, 07/01/1994, 30
ALBERTO, 07/01/1994, 30
ALBERTO, 07/01/1994, 30
ALBERTO, 07/02/1994, 35
ALBERTO, 07/02/1994, 35
ALBERTO, 07/02/1994, 40
ALBERTO, 07/02/1994, 45
ALBERTO, 07/03/1994, 45
ALBERTO, 07/03/1994, 50
ALBERTO, 07/03/1994, 55
ALBERTO, 07/03/1994, 55
ALBERTO, 07/03/1994, 45
ALBERTO, 07/04/1994, 25
ALBERTO, 07/04/1994, 20
ALBERTO, 07/04/1994, 20
ALBERTO, 07/04/1994, 20
ALBERTO, 07/05/1994, 20
ALBERTO, 07/05/1994, 20
ALBERTO, 07/05/1994, 20
ALBERTO, 07/05/1994, 20
ALBERTO, 07/06/1994, 15
ALBERTO, 07/06/1994, 15
ALBERTO, 07/06/1994, 15
ALBERTO, 07/06/1994, 15
ALBERTO, 07/07/1994, 10
ALBERTO, 07/07/1994, 10
ALBERTO, 07/07/1994, 10
ALBERTO, 07/07/1994, 10
ERIN, 07/31/1995, 45
ERIN, 07/31/1995, 50
ERIN, 07/31/1995, 55
ERIN, 07/31/1995, 60
ERIN, 08/01/1995, 70
ERIN, 08/01/1995, 75
ERIN, 08/01/1995, 75
ERIN, 08/01/1995, 75
ERIN, 08/02/1995, 75
ERIN, 08/02/1995, 75
ERIN, 08/02/1995, 75
ERIN, 08/02/1995, 50
ERIN, 08/02/1995, 60
ERIN, 08/03/1995, 65
ERIN, 08/03/1995, 70
ERIN, 08/03/1995, 80
ERIN, 08/03/1995, 85
ERIN, 08/03/1995, 75
ERIN, 08/03/1995, 65
ERIN, 08/04/1995, 45
ERIN, 08/04/1995, 35
ERIN, 08/04/1995, 20
ERIN, 08/04/1995, 20
ERIN, 08/05/1995, 20
ERIN, 08/05/1995, 20
ERIN, 08/05/1995, 20
ERIN, 08/05/1995, 20
ERIN, 08/06/1995, 20
ERIN, 08/06/1995, 20
ERIN, 08/06/1995, 20
OPAL, 09/27/1995, 25
OPAL, 09/28/1995, 25
OPAL, 09/28/1995, 25
OPAL, 09/28/1995, 25
OPAL, 09/28/1995, 25
OPAL, 09/29/1995, 25
OPAL, 09/29/1995, 25
OPAL, 09/29/1995, 25
OPAL, 09/29/1995, 30
OPAL, 09/30/1995, 30
OPAL, 09/30/1995, 30
OPAL, 09/30/1995, 35
OPAL, 09/30/1995, 40
OPAL, 10/01/1995, 45
OPAL, 10/01/1995, 45
OPAL, 10/01/1995, 45
OPAL, 10/01/1995, 50
OPAL, 10/02/1995, 55
OPAL, 10/02/1995, 60
OPAL, 10/02/1995, 65
OPAL, 10/02/1995, 65
OPAL, 10/03/1995, 70
OPAL, 10/03/1995, 75
OPAL, 10/03/1995, 80
OPAL, 10/03/1995, 85
OPAL, 10/04/1995, 100
OPAL, 10/04/1995, 110
OPAL, 10/04/1995, 130
OPAL, 10/04/1995, 130
OPAL, 10/04/1995, 110
OPAL, 10/04/1995, 100
OPAL, 10/05/1995, 80
OPAL, 10/05/1995, 50
OPAL, 10/05/1995, 30
OPAL, 10/05/1995, 40
OPAL, 10/06/1995, 40
OPAL, 10/06/1995, 40
OPAL, 10/06/1995, 35
OPAL, 10/06/1995, 30
DANNY, 07/16/1997, 25
DANNY, 07/16/1997, 30
DANNY, 07/17/1997, 30
DANNY, 07/17/1997, 30
DANNY, 07/17/1997, 40
DANNY, 07/17/1997, 50
DANNY, 07/18/1997, 55
DANNY, 07/18/1997, 65
DANNY, 07/18/1997, 65
DANNY, 07/18/1997, 70
DANNY, 07/18/1997, 70
DANNY, 07/19/1997, 70
DANNY, 07/19/1997, 65
DANNY, 07/19/1997, 70
DANNY, 07/19/1997, 70
DANNY, 07/19/1997, 65
DANNY, 07/20/1997, 60
DANNY, 07/20/1997, 45
DANNY, 07/20/1997, 35
DANNY, 07/20/1997, 30
DANNY, 07/21/1997, 25
DANNY, 07/21/1997, 20
DANNY, 07/21/1997, 20
DANNY, 07/21/1997, 20
DANNY, 07/22/1997, 20
DANNY, 07/22/1997, 20
DANNY, 07/22/1997, 20
DANNY, 07/22/1997, 20
DANNY, 07/23/1997, 20
DANNY, 07/23/1997, 20
DANNY, 07/23/1997, 20
DANNY, 07/23/1997, 20
DANNY, 07/24/1997, 20
DANNY, 07/24/1997, 20
DANNY, 07/24/1997, 30
DANNY, 07/24/1997, 40
DANNY, 07/25/1997, 50
DANNY, 07/25/1997, 50
DANNY, 07/25/1997, 50
DANNY, 07/25/1997, 50
DANNY, 07/26/1997, 45
DANNY, 07/26/1997, 45
DANNY, 07/26/1997, 40
DANNY, 07/26/1997, 40
DANNY, 07/27/1997, 40
DANNY, 07/27/1997, 40
DANNY, 07/27/1997, 30
GEORGES, 09/15/1998, 30
GEORGES, 09/15/1998, 30
GEORGES, 09/16/1998, 30
GEORGES, 09/16/1998, 30
GEORGES, 09/16/1998, 35
GEORGES, 09/16/1998, 35
GEORGES, 09/17/1998, 45
GEORGES, 09/17/1998, 50
GEORGES, 09/17/1998, 55
GEORGES, 09/17/1998, 65
GEORGES, 09/18/1998, 70
GEORGES, 09/18/1998, 80
GEORGES, 09/18/1998, 85
GEORGES, 09/18/1998, 90
GEORGES, 09/19/1998, 90
GEORGES, 09/19/1998, 95
GEORGES, 09/19/1998, 110
GEORGES, 09/19/1998, 125
GEORGES, 09/20/1998, 130
GEORGES, 09/20/1998, 135
GEORGES, 09/20/1998, 130
GEORGES, 09/20/1998, 115
GEORGES, 09/21/1998, 100
GEORGES, 09/21/1998, 100
GEORGES, 09/21/1998, 100
GEORGES, 09/21/1998, 100
GEORGES, 09/21/1998, 95
GEORGES, 09/21/1998, 90
GEORGES, 09/21/1998, 90
GEORGES, 09/22/1998, 90
GEORGES, 09/22/1998, 95
GEORGES, 09/22/1998, 105
GEORGES, 09/22/1998, 105
GEORGES, 09/22/1998, 95
GEORGES, 09/23/1998, 70
GEORGES, 09/23/1998, 65
GEORGES, 09/23/1998, 65
GEORGES, 09/23/1998, 65
GEORGES, 09/23/1998, 65
GEORGES, 09/24/1998, 65
GEORGES, 09/24/1998, 65
GEORGES, 09/24/1998, 70
GEORGES, 09/24/1998, 75
GEORGES, 09/25/1998, 80
GEORGES, 09/25/1998, 85
GEORGES, 09/25/1998, 90
GEORGES, 09/25/1998, 90
GEORGES, 09/25/1998, 90
GEORGES, 09/26/1998, 90
GEORGES, 09/26/1998, 90
GEORGES, 09/26/1998, 90
GEORGES, 09/26/1998, 90
GEORGES, 09/27/1998, 95
GEORGES, 09/27/1998, 95
GEORGES, 09/27/1998, 95
GEORGES, 09/27/1998, 95
GEORGES, 09/28/1998, 95
GEORGES, 09/28/1998, 90
GEORGES, 09/28/1998, 90
GEORGES, 09/28/1998, 90
GEORGES, 09/28/1998, 65
GEORGES, 09/29/1998, 50
GEORGES, 09/29/1998, 40
GEORGES, 09/29/1998, 30
GEORGES, 09/29/1998, 30
GEORGES, 09/30/1998, 30
GEORGES, 09/30/1998, 30
GEORGES, 09/30/1998, 25
GEORGES, 09/30/1998, 25
GEORGES, 10/01/1998, 25
GEORGES, 10/01/1998, 20
HELENE, 09/15/2000, 25
HELENE, 09/15/2000, 25
HELENE, 09/16/2000, 25
HELENE, 09/16/2000, 25
HELENE, 09/16/2000, 30
HELENE, 09/16/2000, 30
HELENE, 09/17/2000, 30
HELENE, 09/17/2000, 30
HELENE, 09/17/2000, 30
HELENE, 09/17/2000, 30
HELENE, 09/18/2000, 30
HELENE, 09/18/2000, 30
HELENE, 09/18/2000, 30
HELENE, 09/18/2000, 30
HELENE, 09/19/2000, 30
HELENE, 09/19/2000, 30
HELENE, 09/19/2000, 30
HELENE, 09/19/2000, 30
HELENE, 09/20/2000, 30
HELENE, 09/20/2000, 25
HELENE, 09/20/2000, 25
HELENE, 09/20/2000, 25
HELENE, 09/21/2000, 25
HELENE, 09/21/2000, 35
HELENE, 09/21/2000, 45
HELENE, 09/21/2000, 60
HELENE, 09/22/2000, 60
HELENE, 09/22/2000, 50
HELENE, 09/22/2000, 35
HELENE, 09/22/2000, 25
HELENE, 09/23/2000, 25
HELENE, 09/23/2000, 25
HELENE, 09/23/2000, 25
HELENE, 09/23/2000, 35
HELENE, 09/24/2000, 40
HELENE, 09/24/2000, 45
HELENE, 09/24/2000, 45
HELENE, 09/24/2000, 45
HELENE, 09/25/2000, 55
HELENE, 09/25/2000, 60
HELENE, 09/25/2000, 55
HELENE, 09/25/2000, 45
ALLISON, 06/05/2001, 40
ALLISON, 06/05/2001, 50
ALLISON, 06/05/2001, 45
ALLISON, 06/06/2001, 45
ALLISON, 06/06/2001, 30
ALLISON, 06/06/2001, 20
ALLISON, 06/06/2001, 20
ALLISON, 06/07/2001, 20
ALLISON, 06/07/2001, 20
ALLISON, 06/07/2001, 20
ALLISON, 06/07/2001, 15
ALLISON, 06/08/2001, 15
ALLISON, 06/08/2001, 20
ALLISON, 06/08/2001, 20
ALLISON, 06/08/2001, 20
ALLISON, 06/09/2001, 20
ALLISON, 06/09/2001, 20
ALLISON, 06/09/2001, 20
ALLISON, 06/09/2001, 20
ALLISON, 06/10/2001, 20
ALLISON, 06/10/2001, 25
ALLISON, 06/10/2001, 25
ALLISON, 06/10/2001, 30
ALLISON, 06/11/2001, 30
ALLISON, 06/11/2001, 30
ALLISON, 06/11/2001, 35
ALLISON, 06/11/2001, 40
ALLISON, 06/11/2001, 35
ALLISON, 06/12/2001, 25
ALLISON, 06/12/2001, 20
ALLISON, 06/12/2001, 20
ALLISON, 06/12/2001, 20
ALLISON, 06/13/2001, 20
ALLISON, 06/13/2001, 25
ALLISON, 06/13/2001, 25
ALLISON, 06/13/2001, 25
ALLISON, 06/14/2001, 25
ALLISON, 06/14/2001, 25
ALLISON, 06/14/2001, 25
ALLISON, 06/14/2001, 25
ALLISON, 06/15/2001, 25
ALLISON, 06/15/2001, 25
ALLISON, 06/15/2001, 25
ALLISON, 06/15/2001, 25
ALLISON, 06/16/2001, 25
ALLISON, 06/16/2001, 25
ALLISON, 06/16/2001, 25
ALLISON, 06/16/2001, 25
ALLISON, 06/17/2001, 25
ALLISON, 06/17/2001, 30
ALLISON, 06/17/2001, 40
ALLISON, 06/17/2001, 35
ALLISON, 06/18/2001, 30
ALLISON, 06/18/2001, 30
ALLISON, 06/18/2001, 30
ALLISON, 06/18/2001, 25
ALLISON, 06/19/2001, 20
BARRY, 08/02/2001, 30
BARRY, 08/02/2001, 45
BARRY, 08/03/2001, 40
BARRY, 08/03/2001, 35
BARRY, 08/03/2001, 35
BARRY, 08/03/2001, 35
BARRY, 08/04/2001, 30
BARRY, 08/04/2001, 30
BARRY, 08/04/2001, 30
BARRY, 08/04/2001, 35
BARRY, 08/05/2001, 35
BARRY, 08/05/2001, 40
BARRY, 08/05/2001, 50
BARRY, 08/05/2001, 60
BARRY, 08/06/2001, 60
BARRY, 08/06/2001, 60
BARRY, 08/06/2001, 60
BARRY, 08/06/2001, 25
BARRY, 08/06/2001, 20
BARRY, 08/07/2001, 15
BARRY, 08/07/2001, 15
BARRY, 08/07/2001, 10
BARRY, 08/07/2001, 10
BARRY, 08/08/2001, 10
BARRY, 08/08/2001, 10
HANNA, 09/12/2002, 30
HANNA, 09/12/2002, 35
HANNA, 09/12/2002, 35
HANNA, 09/12/2002, 35
HANNA, 09/13/2002, 35
HANNA, 09/13/2002, 40
HANNA, 09/13/2002, 45
HANNA, 09/13/2002, 45
HANNA, 09/14/2002, 50
HANNA, 09/14/2002, 50
HANNA, 09/14/2002, 50
HANNA, 09/14/2002, 50
HANNA, 09/14/2002, 50
HANNA, 09/14/2002, 30
HANNA, 09/15/2002, 20
HANNA, 09/15/2002, 20
HANNA, 09/15/2002, 20
BILL, 06/28/2003, 20
BILL, 06/28/2003, 20
BILL, 06/28/2003, 20
BILL, 06/29/2003, 20
BILL, 06/29/2003, 30
BILL, 06/29/2003, 35
BILL, 06/29/2003, 40
BILL, 06/30/2003, 45
BILL, 06/30/2003, 45
BILL, 06/30/2003, 50
BILL, 06/30/2003, 50
BILL, 06/30/2003, 50
BILL, 07/01/2003, 45
BILL, 07/01/2003, 30
BILL, 07/01/2003, 25
BILL, 07/01/2003, 20
BILL, 07/02/2003, 20
BILL, 07/02/2003, 20
BILL, 07/02/2003, 20
BILL, 07/02/2003, 20
BILL, 07/03/2003, 20
FRANCES, 08/25/2004, 25
FRANCES, 08/25/2004, 30
FRANCES, 08/25/2004, 30
FRANCES, 08/25/2004, 35
FRANCES, 08/26/2004, 40
FRANCES, 08/26/2004, 45
FRANCES, 08/26/2004, 55
FRANCES, 08/26/2004, 65
FRANCES, 08/27/2004, 70
FRANCES, 08/27/2004, 75
FRANCES, 08/27/2004, 90
FRANCES, 08/27/2004, 100
FRANCES, 08/28/2004, 100
FRANCES, 08/28/2004, 100
FRANCES, 08/28/2004, 105
FRANCES, 08/28/2004, 115
FRANCES, 08/29/2004, 115
FRANCES, 08/29/2004, 115
FRANCES, 08/29/2004, 115
FRANCES, 08/29/2004, 110
FRANCES, 08/30/2004, 105
FRANCES, 08/30/2004, 100
FRANCES, 08/30/2004, 100
FRANCES, 08/30/2004, 110
FRANCES, 08/31/2004, 110
FRANCES, 08/31/2004, 115
FRANCES, 08/31/2004, 120
FRANCES, 08/31/2004, 125
FRANCES, 09/01/2004, 120
FRANCES, 09/01/2004, 120
FRANCES, 09/01/2004, 120
FRANCES, 09/01/2004, 120
FRANCES, 09/01/2004, 120
FRANCES, 09/02/2004, 120
FRANCES, 09/02/2004, 125
FRANCES, 09/02/2004, 125
FRANCES, 09/02/2004, 120
FRANCES, 09/02/2004, 115
FRANCES, 09/02/2004, 110
FRANCES, 09/03/2004, 105
FRANCES, 09/03/2004, 100
FRANCES, 09/03/2004, 100
FRANCES, 09/03/2004, 95
FRANCES, 09/03/2004, 95
FRANCES, 09/03/2004, 90
FRANCES, 09/04/2004, 85
FRANCES, 09/04/2004, 85
FRANCES, 09/04/2004, 90
FRANCES, 09/04/2004, 90
FRANCES, 09/04/2004, 90
FRANCES, 09/05/2004, 95
FRANCES, 09/05/2004, 90
FRANCES, 09/05/2004, 90
FRANCES, 09/05/2004, 80
FRANCES, 09/05/2004, 60
FRANCES, 09/06/2004, 55
FRANCES, 09/06/2004, 55
FRANCES, 09/06/2004, 55
FRANCES, 09/06/2004, 50
FRANCES, 09/07/2004, 35
FRANCES, 09/07/2004, 30
FRANCES, 09/07/2004, 25
FRANCES, 09/07/2004, 25
FRANCES, 09/08/2004, 25
FRANCES, 09/08/2004, 25
FRANCES, 09/08/2004, 25
FRANCES, 09/08/2004, 25
FRANCES, 09/09/2004, 25
FRANCES, 09/09/2004, 30
FRANCES, 09/09/2004, 35
FRANCES, 09/09/2004, 30
FRANCES, 09/10/2004, 25
FRANCES, 09/10/2004, 20
FRANCES, 09/10/2004, 20
FRANCES, 09/10/2004, 20
IVAN, 09/02/2004, 25
IVAN, 09/03/2004, 30
IVAN, 09/03/2004, 35
IVAN, 09/03/2004, 40
IVAN, 09/03/2004, 45
IVAN, 09/04/2004, 45
IVAN, 09/04/2004, 50
IVAN, 09/04/2004, 50
IVAN, 09/04/2004, 55
IVAN, 09/05/2004, 60
IVAN, 09/05/2004, 65
IVAN, 09/05/2004, 85
IVAN, 09/05/2004, 110
IVAN, 09/06/2004, 115
IVAN, 09/06/2004, 110
IVAN, 09/06/2004, 110
IVAN, 09/06/2004, 90
IVAN, 09/07/2004, 90
IVAN, 09/07/2004, 95
IVAN, 09/07/2004, 100
IVAN, 09/07/2004, 105
IVAN, 09/07/2004, 110
IVAN, 09/08/2004, 115
IVAN, 09/08/2004, 120
IVAN, 09/08/2004, 120
IVAN, 09/08/2004, 120
IVAN, 09/09/2004, 130
IVAN, 09/09/2004, 140
IVAN, 09/09/2004, 140
IVAN, 09/09/2004, 130
IVAN, 09/10/2004, 130
IVAN, 09/10/2004, 125
IVAN, 09/10/2004, 125
IVAN, 09/10/2004, 120
IVAN, 09/11/2004, 135
IVAN, 09/11/2004, 130
IVAN, 09/11/2004, 130
IVAN, 09/11/2004, 125
IVAN, 09/11/2004, 145
IVAN, 09/12/2004, 145
IVAN, 09/12/2004, 135
IVAN, 09/12/2004, 135
IVAN, 09/12/2004, 130
IVAN, 09/12/2004, 130
IVAN, 09/13/2004, 140
IVAN, 09/13/2004, 140
IVAN, 09/13/2004, 140
IVAN, 09/13/2004, 140
IVAN, 09/13/2004, 140
IVAN, 09/14/2004, 140
IVAN, 09/14/2004, 140
IVAN, 09/14/2004, 140
IVAN, 09/14/2004, 125
IVAN, 09/14/2004, 120
IVAN, 09/15/2004, 120
IVAN, 09/15/2004, 120
IVAN, 09/15/2004, 115
IVAN, 09/15/2004, 115
IVAN, 09/16/2004, 110
IVAN, 09/16/2004, 105
IVAN, 09/16/2004, 105
IVAN, 09/16/2004, 70
IVAN, 09/16/2004, 50
IVAN, 09/17/2004, 30
IVAN, 09/17/2004, 25
IVAN, 09/17/2004, 20
IVAN, 09/17/2004, 20
IVAN, 09/18/2004, 20
IVAN, 09/18/2004, 15
IVAN, 09/18/2004, 15
IVAN, 09/18/2004, 25
IVAN, 09/19/2004, 35
IVAN, 09/19/2004, 35
IVAN, 09/19/2004, 35
IVAN, 09/19/2004, 35
IVAN, 09/20/2004, 35
IVAN, 09/20/2004, 35
IVAN, 09/20/2004, 30
IVAN, 09/20/2004, 25
IVAN, 09/21/2004, 25
IVAN, 09/21/2004, 25
IVAN, 09/21/2004, 25
IVAN, 09/21/2004, 25
IVAN, 09/22/2004, 25
IVAN, 09/22/2004, 25
IVAN, 09/22/2004, 25
IVAN, 09/22/2004, 30
IVAN, 09/23/2004, 35
IVAN, 09/23/2004, 35
IVAN, 09/23/2004, 50
IVAN, 09/23/2004, 40
IVAN, 09/24/2004, 30
IVAN, 09/24/2004, 30
IVAN, 09/24/2004, 25
ARLENE, 06/08/2005, 25
ARLENE, 06/09/2005, 30
ARLENE, 06/09/2005, 35
ARLENE, 06/09/2005, 35
ARLENE, 06/09/2005, 35
ARLENE, 06/10/2005, 40
ARLENE, 06/10/2005, 45
ARLENE, 06/10/2005, 45
ARLENE, 06/10/2005, 50
ARLENE, 06/10/2005, 55
ARLENE, 06/11/2005, 60
ARLENE, 06/11/2005, 60
ARLENE, 06/11/2005, 60
ARLENE, 06/11/2005, 55
ARLENE, 06/11/2005, 50
ARLENE, 06/11/2005, 50
ARLENE, 06/12/2005, 30
ARLENE, 06/12/2005, 25
ARLENE, 06/12/2005, 20
ARLENE, 06/12/2005, 20
ARLENE, 06/13/2005, 20
ARLENE, 06/13/2005, 20
ARLENE, 06/13/2005, 20
ARLENE, 06/13/2005, 20
ARLENE, 06/14/2005, 20
ARLENE, 06/14/2005, 20
CINDY, 07/03/2005, 30
CINDY, 07/04/2005, 30
CINDY, 07/04/2005, 30
CINDY, 07/04/2005, 30
CINDY, 07/04/2005, 25
CINDY, 07/04/2005, 30
CINDY, 07/05/2005, 30
CINDY, 07/05/2005, 35
CINDY, 07/05/2005, 45
CINDY, 07/05/2005, 60
CINDY, 07/06/2005, 65
CINDY, 07/06/2005, 65
CINDY, 07/06/2005, 50
CINDY, 07/06/2005, 45
CINDY, 07/06/2005, 40
CINDY, 07/06/2005, 30
CINDY, 07/07/2005, 25
CINDY, 07/07/2005, 20
CINDY, 07/07/2005, 20
CINDY, 07/07/2005, 20
CINDY, 07/08/2005, 20
CINDY, 07/08/2005, 20
CINDY, 07/08/2005, 25
CINDY, 07/08/2005, 25
CINDY, 07/09/2005, 25
CINDY, 07/09/2005, 25
CINDY, 07/09/2005, 30
CINDY, 07/09/2005, 30
CINDY, 07/10/2005, 30
CINDY, 07/10/2005, 30
CINDY, 07/10/2005, 25
CINDY, 07/10/2005, 20
CINDY, 07/11/2005, 20
CINDY, 07/11/2005, 20
DENNIS, 07/04/2005, 25
DENNIS, 07/04/2005, 30
DENNIS, 07/05/2005, 30
DENNIS, 07/05/2005, 30
DENNIS, 07/05/2005, 35
DENNIS, 07/05/2005, 40
DENNIS, 07/06/2005, 45
DENNIS, 07/06/2005, 50
DENNIS, 07/06/2005, 55
DENNIS, 07/06/2005, 60
DENNIS, 07/07/2005, 70
DENNIS, 07/07/2005, 80
DENNIS, 07/07/2005, 90
DENNIS, 07/07/2005, 100
DENNIS, 07/08/2005, 120
DENNIS, 07/08/2005, 120
DENNIS, 07/08/2005, 110
DENNIS, 07/08/2005, 130
DENNIS, 07/08/2005, 120
DENNIS, 07/08/2005, 120
DENNIS, 07/09/2005, 100
DENNIS, 07/09/2005, 75
DENNIS, 07/09/2005, 80
DENNIS, 07/09/2005, 90
DENNIS, 07/10/2005, 110
DENNIS, 07/10/2005, 125
DENNIS, 07/10/2005, 120
DENNIS, 07/10/2005, 110
DENNIS, 07/10/2005, 105
DENNIS, 07/11/2005, 45
DENNIS, 07/11/2005, 30
DENNIS, 07/11/2005, 25
DENNIS, 07/11/2005, 20
DENNIS, 07/12/2005, 20
DENNIS, 07/12/2005, 15
DENNIS, 07/12/2005, 15
DENNIS, 07/12/2005, 15
DENNIS, 07/13/2005, 15
DENNIS, 07/13/2005, 15
DENNIS, 07/13/2005, 15
DENNIS, 07/13/2005, 15
DENNIS, 07/14/2005, 10
DENNIS, 07/14/2005, 10
DENNIS, 07/14/2005, 10
DENNIS, 07/14/2005, 10
DENNIS, 07/15/2005, 10
DENNIS, 07/15/2005, 10
DENNIS, 07/15/2005, 10
DENNIS, 07/15/2005, 10
DENNIS, 07/16/2005, 10
DENNIS, 07/16/2005, 10
DENNIS, 07/16/2005, 10
DENNIS, 07/16/2005, 10
DENNIS, 07/17/2005, 10
DENNIS, 07/17/2005, 10
DENNIS, 07/17/2005, 10
DENNIS, 07/17/2005, 10
DENNIS, 07/18/2005, 10
DENNIS, 07/18/2005, 10
TAMMY, 10/05/2005, 35
TAMMY, 10/05/2005, 40
TAMMY, 10/05/2005, 45
TAMMY, 10/05/2005, 45
TAMMY, 10/06/2005, 45
TAMMY, 10/06/2005, 35
TAMMY, 10/06/2005, 25
TAMMY, 10/06/2005, 15
TAMMY, 10/07/2005, 10
TEN, 09/21/2007, 30
TEN, 09/21/2007, 30
TEN, 09/22/2007, 25
TEN, 09/22/2007, 20
FAY, 08/15/2008, 30
FAY, 08/15/2008, 35
FAY, 08/15/2008, 35
FAY, 08/16/2008, 40
FAY, 08/16/2008, 40
FAY, 08/16/2008, 40
FAY, 08/16/2008, 40
FAY, 08/16/2008, 40
FAY, 08/17/2008, 45
FAY, 08/17/2008, 45
FAY, 08/17/2008, 45
FAY, 08/17/2008, 45
FAY, 08/17/2008, 45
FAY, 08/18/2008, 45
FAY, 08/18/2008, 45
FAY, 08/18/2008, 45
FAY, 08/18/2008, 50
FAY, 08/18/2008, 50
FAY, 08/18/2008, 50
FAY, 08/19/2008, 50
FAY, 08/19/2008, 55
FAY, 08/19/2008, 55
FAY, 08/19/2008, 55
FAY, 08/19/2008, 60
FAY, 08/20/2008, 55
FAY, 08/20/2008, 50
FAY, 08/20/2008, 45
FAY, 08/20/2008, 45
FAY, 08/21/2008, 50
FAY, 08/21/2008, 50
FAY, 08/21/2008, 50
FAY, 08/21/2008, 55
FAY, 08/21/2008, 55
FAY, 08/22/2008, 50
FAY, 08/22/2008, 50
FAY, 08/22/2008, 45
FAY, 08/22/2008, 40
FAY, 08/23/2008, 45
FAY, 08/23/2008, 45
FAY, 08/23/2008, 45
FAY, 08/23/2008, 40
FAY, 08/23/2008, 40
FAY, 08/24/2008, 30
FAY, 08/24/2008, 30
FAY, 08/24/2008, 30
FAY, 08/24/2008, 30
FAY, 08/25/2008, 30
FAY, 08/25/2008, 30
FAY, 08/25/2008, 25
FAY, 08/25/2008, 25
FAY, 08/26/2008, 20
FAY, 08/26/2008, 20
FAY, 08/26/2008, 20
FAY, 08/26/2008, 20
FAY, 08/27/2008, 15
FAY, 08/27/2008, 15
FAY, 08/27/2008, 15
FAY, 08/27/2008, 15
FAY, 08/28/2008, 15
FAY, 08/28/2008, 15
CLAUDETTE, 08/16/2009, 30
CLAUDETTE, 08/16/2009, 35
CLAUDETTE, 08/16/2009, 50
CLAUDETTE, 08/17/2009, 45
CLAUDETTE, 08/17/2009, 40
CLAUDETTE, 08/17/2009, 40
CLAUDETTE, 08/17/2009, 25
CLAUDETTE, 08/17/2009, 20
IDA, 11/04/2009, 30
IDA, 11/04/2009, 35
IDA, 11/04/2009, 45
IDA, 11/05/2009, 55
IDA, 11/05/2009, 65
IDA, 11/05/2009, 70
IDA, 11/05/2009, 50
IDA, 11/06/2009, 35
IDA, 11/06/2009, 30
IDA, 11/06/2009, 30
IDA, 11/06/2009, 30
IDA, 11/07/2009, 30
IDA, 11/07/2009, 35
IDA, 11/07/2009, 55
IDA, 11/07/2009, 60
IDA, 11/08/2009, 70
IDA, 11/08/2009, 80
IDA, 11/08/2009, 85
IDA, 11/08/2009, 85
IDA, 11/09/2009, 90
IDA, 11/09/2009, 80
IDA, 11/09/2009, 60
IDA, 11/09/2009, 65
IDA, 11/09/2009, 75
IDA, 11/10/2009, 60
IDA, 11/10/2009, 50
IDA, 11/10/2009, 45
IDA, 11/10/2009, 35
IDA, 11/10/2009, 30
IDA, 11/11/2009, 25
IDA, 11/11/2009, 25
FIVE, 08/10/2010, 25
FIVE, 08/10/2010, 25
FIVE, 08/10/2010, 30
FIVE, 08/11/2010, 30
FIVE, 08/11/2010, 30
FIVE, 08/11/2010, 25
FIVE, 08/11/2010, 25
FIVE, 08/12/2010, 25
FIVE, 08/12/2010, 25
FIVE, 08/12/2010, 25
FIVE, 08/12/2010, 25
FIVE, 08/13/2010, 25
FIVE, 08/13/2010, 25
FIVE, 08/13/2010, 25
FIVE, 08/13/2010, 25
FIVE, 08/14/2010, 20
FIVE, 08/14/2010, 15
FIVE, 08/14/2010, 15
FIVE, 08/14/2010, 15
FIVE, 08/15/2010, 15
FIVE, 08/15/2010, 15
FIVE, 08/15/2010, 15
FIVE, 08/15/2010, 20
FIVE, 08/16/2010, 20
FIVE, 08/16/2010, 20
FIVE, 08/16/2010, 20
FIVE, 08/16/2010, 25
FIVE, 08/17/2010, 25
FIVE, 08/17/2010, 25
FIVE, 08/17/2010, 25
FIVE, 08/17/2010, 20
FIVE, 08/18/2010, 15
LEE, 09/02/2011, 30
LEE, 09/02/2011, 30
LEE, 09/02/2011, 35
LEE, 09/02/2011, 40
LEE, 09/03/2011, 40
LEE, 09/03/2011, 45
LEE, 09/03/2011, 50
LEE, 09/03/2011, 45
LEE, 09/04/2011, 40
LEE, 09/04/2011, 40
LEE, 09/04/2011, 40
LEE, 09/04/2011, 40
LEE, 09/04/2011, 35
LEE, 09/04/2011, 35
LEE, 09/05/2011, 35
LEE, 09/05/2011, 35
LEE, 09/05/2011, 40
LEE, 09/05/2011, 40
LEE, 09/06/2011, 30
LEE, 09/06/2011, 20
LEE, 09/06/2011, 15
LEE, 09/06/2011, 15
